Date,Price,Likes,Dislikes,Followers
2018-01-01,1006.39,9001,402,15002
2018-01-02,1011.81,9003,403,15003
2018-01-03,1017.26,9004,405,15004
2018-01-04,1022.74,9006,407,15006
2018-01-05,1028.25,9008,408,15008
2018-01-06,1033.79,9010,410,15009
2018-01-07,1039.36,9011,412,15011
2018-01-08,1044.96,9013,414,15012
2018-01-09,1050.59,9015,415,15014
2018-01-10,1056.25,9016,417,15015
2018-01-11,1061.94,9018,418,15016
2018-01-12,1067.66,9020,420,15018
2018-01-13,1073.41,9022,422,15019
2018-01-14,1079.19,9023,423,15020
2018-01-15,1085,9024,424,15021
2018-01-16,1090.85,9026,426,15022
2018-01-17,1096.73,9028,428,15024
2018-01-18,1102.64,9030,430,15026
2018-01-19,1108.58,9032,431,15027
2018-01-20,1114.55,9033,432,15029
2018-01-21,1120.56,9035,434,15031
2018-01-22,1126.6,9037,435,15033
2018-01-23,1132.67,9038,437,15035
2018-01-24,1138.77,9039,439,15036
2018-01-25,1144.91,9040,441,15037
2018-01-26,1151.08,9042,443,15038
2018-01-27,1157.28,9043,445,15039
2018-01-28,1163.52,9045,446,15040
2018-01-29,1169.79,9047,447,15042
2018-01-30,1176.09,9048,448,15043
2018-01-31,1182.43,9049,450,15044
2018-02-01,1188.8,9050,452,15045
2018-02-02,1195.21,9051,453,15046
2018-02-03,1201.65,9053,454,15048
2018-02-04,1208.12,9055,455,15049
2018-02-05,1214.63,9057,456,15050
2018-02-06,1221.17,9058,457,15052
2018-02-07,1227.75,9059,458,15054
2018-02-08,1234.36,9061,460,15056
2018-02-09,1241.01,9062,461,15057
2018-02-10,1247.7,9064,462,15059
2018-02-11,1254.42,9065,463,15060
2018-02-12,1261.18,9067,465,15061
2018-02-13,1267.98,9069,467,15062
2018-02-14,1274.81,9071,469,15063
2018-02-15,1281.68,9072,471,15064
2018-02-16,1288.59,9073,472,15065
2018-02-17,1295.53,9075,474,15066
2018-02-18,1302.51,9076,476,15068
2018-02-19,1309.53,9078,478,15070
2018-02-20,1316.59,9080,480,15072
2018-02-21,1323.68,9081,481,15074
2018-02-22,1330.81,9083,483,15076
2018-02-23,1337.98,9085,485,15078
2018-02-24,1345.19,9087,486,15079
2018-02-25,1352.44,9088,488,15081
2018-02-26,1359.73,9090,489,15083
2018-02-27,1367.06,9091,491,15084
2018-02-28,1374.43,9093,492,15086
2018-03-01,1381.84,9095,493,15088
2018-03-02,1389.29,9096,495,15089
2018-03-03,1396.78,9098,496,15091
2018-03-04,1404.31,9099,497,15092
2018-03-05,1411.88,9101,498,15094
2018-03-06,1419.49,9103,499,15096
2018-03-07,1427.14,9105,501,15097
2018-03-08,1434.83,9106,502,15098
2018-03-09,1442.56,9107,504,15099
2018-03-10,1450.33,9108,505,15101
2018-03-11,1458.14,9110,507,15103
2018-03-12,1466,9111,508,15105
2018-03-13,1473.9,9113,510,15106
2018-03-14,1481.84,9114,511,15108
2018-03-15,1489.82,9116,512,15109
2018-03-16,1497.85,9118,514,15110
2018-03-17,1505.92,9119,516,15112
2018-03-18,1514.03,9120,518,15114
2018-03-19,1522.19,9121,519,15115
2018-03-20,1530.39,9122,521,15117
2018-03-21,1538.64,9123,522,15118
2018-03-22,1546.93,9124,523,15120
2018-03-23,1555.26,9125,525,15122
2018-03-24,1563.64,9126,527,15124
2018-03-25,1572.06,9127,529,15126
2018-03-26,1580.53,9128,531,15127
2018-03-27,1589.05,9129,532,15129
2018-03-28,1597.61,9130,534,15130
2018-03-29,1606.22,9131,535,15132
2018-03-30,1614.87,9133,537,15133
2018-03-31,1623.57,9135,538,15135
2018-04-01,1632.32,9136,539,15136
2018-04-02,1641.11,9138,541,15138
2018-04-03,1649.95,9140,542,15140
2018-04-04,1658.84,9141,543,15142
2018-04-05,1667.78,9143,545,15144
2018-04-06,1676.77,9145,546,15145
2018-04-07,1685.8,9146,547,15147
2018-04-08,1694.88,9148,549,15149
2018-04-09,1704.01,9150,551,15151
2018-04-10,1713.19,9152,553,15152
2018-04-11,1722.42,9154,555,15153
2018-04-12,1731.7,9155,557,15154
2018-04-13,1741.03,9156,558,15155
2018-04-14,1750.41,9157,559,15156
2018-04-15,1759.84,9158,560,15157
2018-04-16,1769.32,9159,561,15159
2018-04-17,1778.85,9161,563,15160
2018-04-18,1788.43,9162,565,15162
2018-04-19,1798.07,9164,566,15163
2018-04-20,1807.76,9165,567,15165
2018-04-21,1817.5,9166,569,15167
2018-04-22,1827.29,9168,571,15169
2018-04-23,1837.14,9170,573,15170
2018-04-24,1847.04,9171,574,15172
2018-04-25,1856.99,9172,576,15174
2018-04-26,1867,9174,577,15175
2018-04-27,1877.06,9175,578,15176
2018-04-28,1887.17,9176,580,15177
2018-04-29,1897.34,9178,582,15178
2018-04-30,1907.56,9179,583,15179
2018-05-01,1917.84,9180,585,15181
2018-05-02,1928.17,9182,586,15183
2018-05-03,1938.56,9184,588,15185
2018-05-04,1949,9186,589,15186
2018-05-05,1959.5,9187,590,15187
2018-05-06,1970.06,9188,591,15189
2018-05-07,1980.67,9190,592,15190
2018-05-08,1991.34,9191,593,15191
2018-05-09,2002.07,9193,594,15193
2018-05-10,2012.86,9194,596,15195
2018-05-11,2023.7,9195,598,15197
2018-05-12,2034.6,9197,599,15199
2018-05-13,2045.56,9199,600,15201
2018-05-14,2056.58,9201,602,15203
2018-05-15,2067.66,9203,603,15204
2018-05-16,2078.8,9205,604,15206
2018-05-17,2090,9206,605,15207
2018-05-18,2101.26,9208,606,15208
2018-05-19,2112.58,9209,607,15209
2018-05-20,2123.96,9210,609,15211
2018-05-21,2135.4,9211,610,15212
2018-05-22,2146.91,9213,612,15214
2018-05-23,2158.48,9214,614,15216
2018-05-24,2170.11,9216,615,15218
2018-05-25,2181.8,9218,617,15220
2018-05-26,2193.56,9220,619,15221
2018-05-27,2205.38,9221,620,15223
2018-05-28,2217.26,9223,622,15225
2018-05-29,2229.21,9224,623,15226
2018-05-30,2241.22,9226,624,15228
2018-05-31,2253.3,9227,626,15229
2018-06-01,2265.44,9229,628,15230
2018-06-02,2277.65,9230,629,15232
2018-06-03,2289.92,9232,631,15234
2018-06-04,2302.26,9233,633,15236
2018-06-05,2314.66,9234,635,15237
2018-06-06,2327.13,9236,637,15238
2018-06-07,2339.67,9237,638,15240
2018-06-08,2352.28,9238,640,15241
2018-06-09,2364.95,9239,642,15242
2018-06-10,2377.69,9241,643,15243
2018-06-11,2390.5,9242,645,15245
2018-06-12,2403.38,9243,647,15247
2018-06-13,2416.33,9245,648,15248
2018-06-14,2429.35,9246,650,15249
2018-06-15,2442.44,9248,652,15251
2018-06-16,2455.6,9249,654,15252
2018-06-17,2468.83,9250,655,15254
2018-06-18,2482.13,9251,657,15255
2018-06-19,2495.5,9252,659,15257
2018-06-20,2508.95,9253,661,15259
2018-06-21,2522.47,9255,662,15260
2018-06-22,2536.06,9257,664,15262
2018-06-23,2549.72,9259,666,15263
2018-06-24,2563.46,9260,668,15264
2018-06-25,2577.27,9262,670,15265
2018-06-26,2591.16,9264,671,15267
2018-06-27,2605.12,9266,672,15269
2018-06-28,2619.16,9267,673,15270
2018-06-29,2633.27,9268,675,15271
2018-06-30,2647.46,9270,677,15272
2018-07-01,2661.72,9272,678,15273
2018-07-02,2676.06,9273,679,15275
2018-07-03,2690.48,9275,681,15276
2018-07-04,2704.98,9276,683,15277
2018-07-05,2719.55,9278,684,15278
2018-07-06,2734.2,9280,686,15280
2018-07-07,2748.93,9282,688,15282
2018-07-08,2763.74,9283,690,15283
2018-07-09,2778.63,9285,692,15285
2018-07-10,2793.6,9286,694,15287
2018-07-11,2808.65,9288,695,15289
2018-07-12,2823.78,9289,696,15290
2018-07-13,2838.99,9290,698,15291
2018-07-14,2854.29,9292,699,15293
2018-07-15,2869.67,9294,700,15294
2018-07-16,2885.13,9295,701,15296
2018-07-17,2900.67,9297,702,15297
2018-07-18,2916.3,9298,704,15299
2018-07-19,2932.01,9299,705,15301
2018-07-20,2947.81,9301,706,15303
2018-07-21,2963.69,9302,708,15305
2018-07-22,2979.66,9304,710,15307
2018-07-23,2995.71,9305,711,15309
2018-07-24,3011.85,9306,712,15311
2018-07-25,3028.08,9307,713,15312
2018-07-26,3044.39,9309,715,15313
2018-07-27,3060.79,9310,716,15314
2018-07-28,3077.28,9311,718,15316
2018-07-29,3093.86,9312,719,15317
2018-07-30,3110.53,9314,721,15318
2018-07-31,3127.29,9315,723,15320
2018-08-01,3144.14,9316,724,15321
2018-08-02,3161.08,9318,725,15323
2018-08-03,3178.11,9319,726,15325
2018-08-04,3195.23,9321,728,15327
2018-08-05,3212.45,9322,730,15328
2018-08-06,3229.76,9323,732,15329
2018-08-07,3247.16,9324,734,15331
2018-08-08,3264.66,9325,735,15333
2018-08-09,3282.25,9326,737,15334
2018-08-10,3299.93,9327,739,15335
2018-08-11,3317.71,9328,740,15337
2018-08-12,3335.59,9330,742,15339
2018-08-13,3353.56,9331,744,15340
2018-08-14,3371.63,9332,745,15342
2018-08-15,3389.8,9333,747,15343
2018-08-16,3408.06,9334,749,15344
2018-08-17,3426.42,9336,751,15346
2018-08-18,3444.88,9338,752,15348
2018-08-19,3463.44,9339,753,15350
2018-08-20,3482.1,9341,754,15351
2018-08-21,3500.86,9343,755,15353
2018-08-22,3519.72,9345,757,15355
2018-08-23,3538.68,9346,758,15356
2018-08-24,3557.75,9347,760,15358
2018-08-25,3576.92,9348,762,15359
2018-08-26,3596.19,9349,764,15360
2018-08-27,3615.57,9351,766,15361
2018-08-28,3635.05,9353,767,15363
2018-08-29,3654.64,9355,768,15364
2018-08-30,3674.33,9356,769,15365
2018-08-31,3694.13,9358,770,15367
2018-09-01,3714.03,9359,771,15368
2018-09-02,3734.04,9360,773,15370
2018-09-03,3754.16,9361,774,15371
2018-09-04,3774.39,9362,775,15373
2018-09-05,3794.73,9364,776,15375
2018-09-06,3815.18,9366,777,15376
2018-09-07,3835.74,9368,779,15377
2018-09-08,3856.41,9370,780,15378
2018-09-09,3877.19,9372,782,15380
2018-09-10,3898.08,9374,784,15381
2018-09-11,3919.08,9375,786,15382
2018-09-12,3940.2,9377,788,15383
2018-09-13,3961.43,9379,789,15384
2018-09-14,3982.77,9380,790,15385
2018-09-15,4004.23,9381,791,15387
2018-09-16,4025.8,9382,792,15389
2018-09-17,4047.49,9383,793,15391
2018-09-18,4069.3,9384,795,15393
2018-09-19,4091.22,9386,796,15394
2018-09-20,4113.26,9388,798,15395
2018-09-21,4135.42,9390,799,15397
2018-09-22,4157.7,9391,801,15399
2018-09-23,4180.1,9392,802,15400
2018-09-24,4202.62,9393,803,15401
2018-09-25,4225.26,9395,805,15402
2018-09-26,4248.02,9397,807,15404
2018-09-27,4270.91,9398,808,15406
2018-09-28,4293.92,9399,810,15407
2018-09-29,4317.05,9401,812,15409
2018-09-30,4340.31,9402,813,15411
2018-10-01,4366.12,9406,815,15415
2018-10-02,4392.09,9409,817,15419
2018-10-03,4418.21,9413,818,15422
2018-10-04,4444.49,9416,819,15426
2018-10-05,4470.92,9420,820,15430
2018-10-06,4497.51,9424,822,15434
2018-10-07,4524.26,9428,823,15438
2018-10-08,4551.17,9432,825,15441
2018-10-09,4578.24,9435,827,15444
2018-10-10,4605.47,9439,828,15448
2018-10-11,4632.86,9442,829,15451
2018-10-12,4660.41,9446,830,15454
2018-10-13,4688.13,9449,832,15457
2018-10-14,4716.01,9452,834,15460
2018-10-15,4744.06,9456,835,15464
2018-10-16,4772.27,9460,837,15467
2018-10-17,4800.65,9463,838,15470
2018-10-18,4829.2,9466,839,15474
2018-10-19,4857.92,9470,841,15477
2018-10-20,4886.81,9473,843,15481
2018-10-21,4915.87,9477,844,15484
2018-10-22,4945.11,9481,845,15487
2018-10-23,4974.52,9484,847,15491
2018-10-24,5004.1,9488,849,15495
2018-10-25,5033.86,9491,851,15499
2018-10-26,5063.8,9495,852,15502
2018-10-27,5093.91,9498,853,15506
2018-10-28,5124.2,9502,855,15509
2018-10-29,5154.67,9505,856,15513
2018-10-30,5185.33,9508,857,15517
2018-10-31,5216.17,9512,859,15520
2018-11-01,5247.19,9516,860,15524
2018-11-02,5278.4,9519,862,15527
2018-11-03,5309.79,9522,864,15531
2018-11-04,5341.37,9526,866,15535
2018-11-05,5373.14,9530,867,15538
2018-11-06,5405.09,9534,868,15542
2018-11-07,5437.23,9537,869,15545
2018-11-08,5469.57,9541,870,15549
2018-11-09,5502.1,9544,872,15553
2018-11-10,5534.82,9548,874,15557
2018-11-11,5567.74,9551,876,15561
2018-11-12,5600.85,9554,878,15565
2018-11-13,5634.16,9557,880,15569
2018-11-14,5667.67,9561,881,15572
2018-11-15,5701.38,9564,882,15576
2018-11-16,5735.29,9567,883,15579
2018-11-17,5769.4,9570,884,15583
2018-11-18,5803.71,9573,885,15586
2018-11-19,5838.23,9577,886,15589
2018-11-20,5872.95,9580,887,15593
2018-11-21,5907.88,9584,888,15597
2018-11-22,5943.01,9587,890,15600
2018-11-23,5978.35,9590,892,15603
2018-11-24,6013.9,9594,893,15607
2018-11-25,6049.67,9598,895,15610
2018-11-26,6085.65,9602,896,15614
2018-11-27,6121.84,9605,897,15618
2018-11-28,6158.25,9609,899,15622
2018-11-29,6194.87,9613,901,15625
2018-11-30,6231.71,9616,902,15628
2018-12-01,6268.77,9620,903,15632
2018-12-02,6306.05,9623,905,15635
2018-12-03,6343.55,9626,907,15639
2018-12-04,6381.28,9629,909,15643
2018-12-05,6419.23,9632,911,15646
2018-12-06,6457.41,9635,912,15649
2018-12-07,6495.81,9639,914,15652
2018-12-08,6534.44,9642,916,15655
2018-12-09,6573.3,9645,917,15659
2018-12-10,6612.39,9648,918,15662
2018-12-11,6651.71,9652,920,15665
2018-12-12,6691.27,9656,921,15669
2018-12-13,6731.06,9659,923,15672
2018-12-14,6771.09,9662,924,15676
2018-12-15,6811.36,9665,925,15680
2018-12-16,6851.87,9668,926,15683
2018-12-17,6892.62,9671,927,15686
2018-12-18,6933.61,9674,929,15690
2018-12-19,6974.84,9678,931,15693
2018-12-20,7016.32,9682,932,15696
2018-12-21,7058.05,9686,933,15699
2018-12-22,7100.02,9689,935,15703
2018-12-23,7142.24,9692,937,15706
2018-12-24,7184.72,9696,938,15710
2018-12-25,7227.45,9699,940,15713
2018-12-26,7270.43,9703,942,15716
2018-12-27,7313.67,9707,944,15719
2018-12-28,7357.17,9710,946,15723
2018-12-29,7400.92,9713,947,15726
2018-12-30,7444.93,9716,949,15729
2018-12-31,7489.21,9720,951,15732
2019-01-01,7488.23,9721,952,15734
2019-01-02,7487.25,9723,954,15736
2019-01-03,7486.27,9724,956,15738
2019-01-04,7485.29,9725,957,15740
2019-01-05,7484.31,9727,958,15741
2019-01-06,7483.33,9729,960,15743
2019-01-07,7482.35,9731,962,15744
2019-01-08,7481.37,9733,964,15745
2019-01-09,7480.39,9734,966,15747
2019-01-10,7479.41,9735,967,15749
2019-01-11,7478.43,9737,968,15750
2019-01-12,7477.45,9738,969,15752
2019-01-13,7476.47,9740,971,15754
2019-01-14,7475.49,9741,973,15755
2019-01-15,7474.51,9742,974,15756
2019-01-16,7473.53,9744,976,15757
2019-01-17,7472.55,9746,977,15759
2019-01-18,7471.57,9748,979,15760
2019-01-19,7470.59,9749,981,15762
2019-01-20,7469.61,9750,982,15763
2019-01-21,7468.63,9751,983,15764
2019-01-22,7467.65,9753,985,15766
2019-01-23,7466.67,9754,986,15767
2019-01-24,7465.69,9756,988,15769
2019-01-25,7464.71,9758,990,15771
2019-01-26,7463.73,9759,992,15773
2019-01-27,7462.75,9761,994,15775
2019-01-28,7461.77,9762,995,15777
2019-01-29,7460.79,9764,996,15778
2019-01-30,7459.81,9766,998,15779
2019-01-31,7458.83,9768,1000,15780
2019-02-01,7457.85,9770,1002,15781
2019-02-02,7456.87,9771,1004,15783
2019-02-03,7455.89,9773,1006,15785
2019-02-04,7454.91,9775,1007,15787
2019-02-05,7453.93,9777,1009,15788
2019-02-06,7452.95,9779,1010,15789
2019-02-07,7451.97,9780,1011,15791
2019-02-08,7450.99,9782,1012,15793
2019-02-09,7450.01,9784,1014,15794
2019-02-10,7449.03,9786,1016,15796
2019-02-11,7448.05,9788,1018,15798
2019-02-12,7447.07,9789,1019,15800
2019-02-13,7446.09,9791,1021,15801
2019-02-14,7445.11,9793,1023,15803
2019-02-15,7444.13,9794,1024,15804
2019-02-16,7443.15,9795,1026,15806
2019-02-17,7442.17,9796,1028,15807
2019-02-18,7441.19,9797,1030,15808
2019-02-19,7440.21,9799,1032,15810
2019-02-20,7439.23,9801,1034,15811
2019-02-21,7438.25,9802,1036,15812
2019-02-22,7437.27,9804,1038,15813
2019-02-23,7436.29,9806,1040,15814
2019-02-24,7435.31,9807,1042,15815
2019-02-25,7434.33,9809,1043,15816
2019-02-26,7433.35,9811,1045,15818
2019-02-27,7432.37,9812,1046,15820
2019-02-28,7431.39,9813,1047,15821
2019-03-01,7430.41,9815,1048,15823
2019-03-02,7429.43,9817,1049,15825
2019-03-03,7428.45,9819,1050,15827
2019-03-04,7427.47,9820,1052,15829
2019-03-05,7426.49,9821,1054,15830
2019-03-06,7425.51,9823,1055,15831
2019-03-07,7424.53,9825,1056,15833
2019-03-08,7423.55,9826,1058,15835
2019-03-09,7422.57,9828,1060,15837
2019-03-10,7421.59,9830,1061,15839
2019-03-11,7420.61,9831,1063,15840
2019-03-12,7419.63,9833,1064,15841
2019-03-13,7418.65,9834,1065,15843
2019-03-14,7417.67,9836,1066,15844
2019-03-15,7416.69,9838,1068,15845
2019-03-16,7415.71,9839,1069,15847
2019-03-17,7414.73,9841,1071,15848
2019-03-18,7413.75,9843,1073,15849
2019-03-19,7412.77,9844,1074,15851
2019-03-20,7411.79,9845,1076,15853
2019-03-21,7410.81,9847,1077,15855
2019-03-22,7409.83,9849,1079,15856
2019-03-23,7408.85,9851,1080,15857
2019-03-24,7407.87,9853,1082,15858
2019-03-25,7406.89,9854,1084,15860
2019-03-26,7405.91,9855,1085,15862
2019-03-27,7404.93,9856,1086,15864
2019-03-28,7403.95,9857,1087,15866
2019-03-29,7402.97,9858,1088,15867
2019-03-30,7401.99,9860,1090,15868
2019-03-31,7401.01,9861,1092,15869
2019-04-01,7400.03,9862,1094,15870
2019-04-02,7399.05,9864,1096,15872
2019-04-03,7398.07,9866,1097,15874
2019-04-04,7397.09,9868,1099,15876
2019-04-05,7396.11,9870,1100,15877
2019-04-06,7395.13,9872,1101,15879
2019-04-07,7394.15,9873,1103,15881
2019-04-08,7393.17,9875,1104,15882
2019-04-09,7392.19,9876,1105,15883
2019-04-10,7391.21,9878,1106,15885
2019-04-11,7390.23,9879,1108,15886
2019-04-12,7389.25,9880,1110,15887
2019-04-13,7388.27,9882,1111,15888
2019-04-14,7387.29,9884,1112,15890
2019-04-15,7386.31,9886,1113,15891
2019-04-16,7385.33,9887,1115,15893
2019-04-17,7384.35,9888,1116,15895
2019-04-18,7383.37,9889,1118,15897
2019-04-19,7382.39,9890,1119,15899
2019-04-20,7381.41,9892,1120,15901
2019-04-21,7380.43,9893,1122,15903
2019-04-22,7379.45,9894,1124,15904
2019-04-23,7378.47,9896,1126,15906
2019-04-24,7377.49,9897,1128,15907
2019-04-25,7376.51,9898,1129,15908
2019-04-26,7375.53,9900,1130,15910
2019-04-27,7374.55,9901,1132,15911
2019-04-28,7373.57,9903,1133,15913
2019-04-29,7372.59,9905,1135,15915
2019-04-30,7371.61,9907,1136,15916
2019-05-01,7370.63,9908,1137,15918
2019-05-02,7369.65,9909,1139,15919
2019-05-03,7368.67,9911,1140,15921
2019-05-04,7367.69,9913,1141,15922
2019-05-05,7366.71,9915,1142,15923
2019-05-06,7365.73,9916,1144,15925
2019-05-07,7364.75,9917,1145,15927
2019-05-08,7363.77,9919,1147,15928
2019-05-09,7362.79,9921,1148,15930
2019-05-10,7361.81,9922,1150,15932
2019-05-11,7360.83,9923,1151,15933
2019-05-12,7359.85,9924,1153,15935
2019-05-13,7358.87,9926,1155,15937
2019-05-14,7357.89,9927,1157,15938
2019-05-15,7356.91,9928,1159,15940
2019-05-16,7355.93,9929,1160,15942
2019-05-17,7354.95,9931,1162,15943
2019-05-18,7353.97,9933,1163,15944
2019-05-19,7352.99,9934,1165,15946
2019-05-20,7352.01,9936,1167,15948
2019-05-21,7351.03,9937,1168,15950
2019-05-22,7350.05,9939,1170,15952
2019-05-23,7349.07,9940,1172,15953
2019-05-24,7348.09,9942,1174,15954
2019-05-25,7347.11,9943,1175,15955
2019-05-26,7346.13,9944,1177,15956
2019-05-27,7345.15,9946,1178,15958
2019-05-28,7344.17,9947,1179,15959
2019-05-29,7343.19,9949,1181,15960
2019-05-30,7342.21,9951,1182,15962
2019-05-31,7341.23,9952,1183,15963
2019-06-01,7340.25,9953,1185,15965
2019-06-02,7339.27,9954,1186,15966
2019-06-03,7338.29,9955,1187,15968
2019-06-04,7337.31,9957,1189,15970
2019-06-05,7336.33,9959,1190,15971
2019-06-06,7335.35,9961,1191,15973
2019-06-07,7334.37,9963,1193,15974
2019-06-08,7333.39,9964,1195,15975
2019-06-09,7332.41,9965,1196,15977
2019-06-10,7331.43,9967,1198,15978
2019-06-11,7330.45,9969,1200,15980
2019-06-12,7329.47,9971,1202,15982
2019-06-13,7328.49,9972,1204,15984
2019-06-14,7327.51,9974,1206,15985
2019-06-15,7326.53,9975,1208,15987
2019-06-16,7325.55,9977,1210,15988
2019-06-17,7324.57,9978,1212,15990
2019-06-18,7323.59,9979,1214,15992
2019-06-19,7322.61,9980,1215,15993
2019-06-20,7321.63,9982,1217,15994
2019-06-21,7320.65,9984,1218,15995
2019-06-22,7319.67,9985,1220,15996
2019-06-23,7318.69,9987,1222,15997
2019-06-24,7317.71,9989,1223,15999
2019-06-25,7316.73,9991,1224,16001
2019-06-26,7315.75,9992,1226,16002
2019-06-27,7314.77,9994,1227,16003
2019-06-28,7313.79,9995,1229,16004
2019-06-29,7312.81,9997,1230,16006
2019-06-30,7311.83,9998,1231,16007
2019-07-01,7310.85,9999,1232,16008
2019-07-02,7309.87,10000,1234,16010
2019-07-03,7308.89,10002,1235,16012
2019-07-04,7307.91,10004,1236,16013
2019-07-05,7306.93,10005,1238,16014
2019-07-06,7305.95,10006,1239,16016
2019-07-07,7304.97,10008,1241,16018
2019-07-08,7303.99,10009,1243,16020
2019-07-09,7303.01,10011,1245,16022
2019-07-10,7302.03,10012,1246,16023
2019-07-11,7301.05,10014,1247,16025
2019-07-12,7300.07,10016,1248,16026
2019-07-13,7299.09,10018,1250,16027
2019-07-14,7298.11,10020,1251,16029
2019-07-15,7297.13,10022,1252,16031
2019-07-16,7296.15,10024,1253,16032
2019-07-17,7295.17,10026,1255,16034
2019-07-18,7294.19,10028,1257,16035
2019-07-19,7293.21,10030,1258,16036
2019-07-20,7292.23,10032,1259,16038
2019-07-21,7291.25,10033,1261,16040
2019-07-22,7290.27,10035,1263,16042
2019-07-23,7289.29,10036,1264,16044
2019-07-24,7288.31,10038,1266,16045
2019-07-25,7287.33,10039,1268,16047
2019-07-26,7286.35,10041,1269,16048
2019-07-27,7285.37,10042,1270,16049
2019-07-28,7284.39,10044,1272,16050
2019-07-29,7283.41,10046,1274,16051
2019-07-30,7282.43,10047,1276,16053
2019-07-31,7281.45,10048,1278,16055
2019-08-01,7280.47,10049,1279,16056
2019-08-02,7279.49,10050,1281,16058
2019-08-03,7278.51,10052,1282,16060
2019-08-04,7277.53,10054,1284,16062
2019-08-05,7276.55,10055,1285,16063
2019-08-06,7275.57,10056,1287,16065
2019-08-07,7274.59,10057,1288,16067
2019-08-08,7273.61,10059,1289,16069
2019-08-09,7272.63,10060,1291,16071
2019-08-10,7271.65,10061,1293,16073
2019-08-11,7270.67,10062,1295,16075
2019-08-12,7269.69,10064,1296,16076
2019-08-13,7268.71,10066,1297,16078
2019-08-14,7267.73,10067,1299,16079
2019-08-15,7266.75,10068,1301,16081
2019-08-16,7265.77,10069,1302,16083
2019-08-17,7264.79,10070,1303,16084
2019-08-18,7263.81,10071,1304,16086
2019-08-19,7262.83,10072,1305,16087
2019-08-20,7261.85,10074,1307,16089
2019-08-21,7260.87,10076,1309,16090
2019-08-22,7259.89,10078,1311,16091
2019-08-23,7258.91,10079,1312,16092
2019-08-24,7257.93,10080,1314,16093
2019-08-25,7256.95,10082,1316,16095
2019-08-26,7255.97,10084,1318,16096
2019-08-27,7254.99,10085,1319,16097
2019-08-28,7254.01,10086,1320,16098
2019-08-29,7253.03,10087,1321,16100
2019-08-30,7252.05,10089,1323,16102
2019-08-31,7251.07,10090,1324,16103
2019-09-01,7250.09,10091,1325,16105
2019-09-02,7249.11,10092,1326,16106
2019-09-03,7248.13,10094,1327,16108
2019-09-04,7247.15,10095,1329,16109
2019-09-05,7246.17,10097,1331,16111
2019-09-06,7245.19,10099,1332,16113
2019-09-07,7244.21,10100,1334,16114
2019-09-08,7243.23,10102,1336,16115
2019-09-09,7242.25,10103,1338,16116
2019-09-10,7241.27,10104,1339,16118
2019-09-11,7240.29,10105,1341,16119
2019-09-12,7239.31,10107,1343,16120
2019-09-13,7238.33,10108,1345,16121
2019-09-14,7237.35,10109,1346,16122
2019-09-15,7236.37,10111,1347,16124
2019-09-16,7235.39,10112,1348,16125
2019-09-17,7234.41,10113,1349,16127
2019-09-18,7233.43,10114,1351,16128
2019-09-19,7232.45,10115,1352,16130
2019-09-20,7231.47,10117,1354,16131
2019-09-21,7230.49,10119,1355,16132
2019-09-22,7229.51,10120,1357,16133
2019-09-23,7228.53,10121,1358,16135
2019-09-24,7227.55,10122,1359,16136
2019-09-25,7226.57,10123,1361,16138
2019-09-26,7225.59,10125,1363,16139
2019-09-27,7224.61,10127,1365,16141
2019-09-28,7223.63,10128,1366,16142
2019-09-29,7222.65,10129,1367,16143
2019-09-30,7221.67,10130,1369,16144
2019-10-01,7220.97,10134,1370,16148
2019-10-02,7220.27,10137,1372,16152
2019-10-03,7219.57,10141,1373,16155
2019-10-04,7218.87,10144,1374,16159
2019-10-05,7218.17,10148,1376,16162
2019-10-06,7217.47,10151,1378,16166
2019-10-07,7216.77,10155,1379,16169
2019-10-08,7216.07,10158,1381,16172
2019-10-09,7215.37,10162,1383,16175
2019-10-10,7214.67,10166,1385,16178
2019-10-11,7213.97,10170,1386,16181
2019-10-12,7213.27,10173,1387,16185
2019-10-13,7212.57,10176,1389,16188
2019-10-14,7211.87,10180,1391,16191
2019-10-15,7211.17,10184,1393,16195
2019-10-16,7210.47,10187,1394,16198
2019-10-17,7209.77,10190,1395,16202
2019-10-18,7209.07,10193,1397,16205
2019-10-19,7208.37,10196,1399,16208
2019-10-20,7207.67,10199,1400,16211
2019-10-21,7206.97,10203,1401,16215
2019-10-22,7206.27,10207,1402,16218
2019-10-23,7205.57,10210,1403,16222
2019-10-24,7204.87,10214,1405,16225
2019-10-25,7204.17,10218,1406,16229
2019-10-26,7203.47,10222,1407,16233
2019-10-27,7202.77,10225,1408,16236
2019-10-28,7202.07,10229,1409,16239
2019-10-29,7201.37,10233,1410,16243
2019-10-30,7200.67,10237,1411,16246
2019-10-31,7199.97,10241,1412,16250
2019-11-01,7199.27,10245,1414,16254
2019-11-02,7198.57,10248,1415,16258
2019-11-03,7197.87,10251,1417,16261
2019-11-04,7197.17,10255,1418,16264
2019-11-05,7196.47,10259,1420,16267
2019-11-06,7195.77,10262,1422,16270
2019-11-07,7195.07,10266,1424,16273
2019-11-08,7194.37,10269,1425,16277
2019-11-09,7193.67,10272,1427,16281
2019-11-10,7192.97,10276,1429,16285
2019-11-11,7192.27,10279,1431,16289
2019-11-12,7191.57,10283,1433,16292
2019-11-13,7190.87,10287,1435,16295
2019-11-14,7190.17,10290,1437,16299
2019-11-15,7189.47,10293,1439,16302
2019-11-16,7188.77,10297,1440,16305
2019-11-17,7188.07,10301,1441,16308
2019-11-18,7187.37,10304,1442,16311
2019-11-19,7186.67,10308,1443,16314
2019-11-20,7185.97,10311,1444,16317
2019-11-21,7185.27,10314,1446,16321
2019-11-22,7184.57,10318,1447,16324
2019-11-23,7183.87,10322,1448,16328
2019-11-24,7183.17,10325,1449,16331
2019-11-25,7182.47,10328,1451,16335
2019-11-26,7181.77,10332,1453,16339
2019-11-27,7181.07,10335,1454,16343
2019-11-28,7180.37,10338,1456,16346
2019-11-29,7179.67,10342,1458,16349
2019-11-30,7178.97,10346,1460,16352
2019-12-01,7178.27,10349,1461,16355
2019-12-02,7177.57,10352,1462,16358
2019-12-03,7176.87,10355,1463,16362
2019-12-04,7176.17,10358,1464,16365
2019-12-05,7175.47,10361,1466,16368
2019-12-06,7174.77,10364,1468,16371
2019-12-07,7174.07,10368,1470,16374
2019-12-08,7173.37,10371,1471,16378
2019-12-09,7172.67,10374,1472,16381
2019-12-10,7171.97,10378,1473,16385
2019-12-11,7171.27,10382,1475,16388
2019-12-12,7170.57,10386,1476,16391
2019-12-13,7169.87,10389,1478,16394
2019-12-14,7169.17,10393,1480,16398
2019-12-15,7168.47,10396,1482,16401
2019-12-16,7167.77,10400,1483,16405
2019-12-17,7167.07,10403,1485,16408
2019-12-18,7166.37,10407,1487,16411
2019-12-19,7165.67,10411,1489,16415
2019-12-20,7164.97,10414,1490,16419
2019-12-21,7164.27,10417,1491,16423
2019-12-22,7163.57,10421,1493,16426
2019-12-23,7162.87,10425,1495,16430
2019-12-24,7162.17,10429,1496,16433
2019-12-25,7161.47,10432,1498,16437
2019-12-26,7160.77,10435,1500,16441
2019-12-27,7160.07,10439,1502,16444
2019-12-28,7159.37,10442,1504,16448
2019-12-29,7158.67,10446,1506,16451
2019-12-30,7157.97,10450,1508,16454
2019-12-31,7157.27,10454,1510,16458
2020-01-01,7199,10455,1512,16459
2020-01-02,7240.97,10457,1514,16460
2020-01-03,7283.19,10459,1515,16461
2020-01-04,7325.66,10461,1517,16463
2020-01-05,7368.37,10463,1519,16464
2020-01-06,7411.33,10465,1520,16466
2020-01-07,7454.54,10467,1521,16468
2020-01-08,7498,10469,1523,16469
2020-01-09,7541.72,10471,1524,16471
2020-01-10,7585.69,10473,1526,16472
2020-01-11,7629.92,10475,1528,16473
2020-01-12,7674.41,10477,1529,16474
2020-01-13,7719.16,10478,1530,16475
2020-01-14,7764.17,10480,1532,16476
2020-01-15,7809.44,10482,1533,16478
2020-01-16,7854.97,10484,1534,16480
2020-01-17,7900.77,10485,1535,16482
2020-01-18,7946.84,10487,1537,16483
2020-01-19,7993.18,10489,1538,16485
2020-01-20,8039.79,10491,1540,16486
2020-01-21,8086.67,10493,1541,16488
2020-01-22,8133.82,10494,1542,16489
2020-01-23,8181.25,10495,1543,16491
2020-01-24,8228.95,10497,1545,16492
2020-01-25,8276.93,10498,1547,16493
2020-01-26,8325.19,10499,1548,16494
2020-01-27,8373.73,10500,1550,16495
2020-01-28,8422.55,10501,1552,16496
2020-01-29,8471.66,10502,1554,16498
2020-01-30,8521.06,10503,1556,16499
2020-01-31,8570.74,10504,1557,16500
2020-02-01,8620.71,10506,1559,16502
2020-02-02,8670.97,10508,1560,16504
2020-02-03,8721.53,10510,1561,16505
2020-02-04,8772.38,10511,1563,16507
2020-02-05,8823.53,10513,1564,16509
2020-02-06,8874.98,10514,1565,16511
2020-02-07,8926.73,10516,1566,16512
2020-02-08,8978.78,10517,1567,16514
2020-02-09,9031.13,10518,1569,16516
2020-02-10,9083.79,10519,1570,16518
2020-02-11,9136.75,10521,1571,16520
2020-02-12,9190.02,10523,1573,16522
2020-02-13,9243.6,10524,1575,16524
2020-02-14,9297.5,10526,1576,16525
2020-02-15,9351.71,10527,1578,16526
2020-02-16,9406.24,10529,1579,16527
2020-02-17,9461.08,10531,1580,16528
2020-02-18,9516.24,10532,1582,16530
2020-02-19,9571.73,10534,1583,16532
2020-02-20,9627.54,10535,1585,16534
2020-02-21,9683.67,10536,1586,16536
2020-02-22,9740.13,10537,1588,16537
2020-02-23,9796.92,10539,1590,16538
2020-02-24,9854.04,10540,1592,16539
2020-02-25,9911.5,10541,1593,16540
2020-02-26,9969.29,10543,1594,16541
2020-02-27,10027.42,10544,1596,16543
2020-02-28,10085.89,10546,1598,16544
2020-02-29,10144.7,10547,1599,16545
2020-03-01,10203.85,10549,1601,16546
2020-03-02,10263.35,10550,1602,16548
2020-03-03,10323.19,10552,1604,16549
2020-03-04,10383.38,10554,1605,16550
2020-03-05,10443.92,10556,1607,16551
2020-03-06,10504.82,10557,1609,16553
2020-03-07,10566.07,10559,1610,16554
2020-03-08,10627.68,10560,1611,16556
2020-03-09,10689.65,10562,1613,16557
2020-03-10,10751.98,10563,1614,16559
2020-03-11,10814.67,10565,1615,16561
2020-03-12,10877.73,10567,1616,16563
2020-03-13,10941.15,10569,1618,16565
2020-03-14,11004.94,10571,1620,16566
2020-03-15,11069.11,10573,1622,16567
2020-03-16,11133.65,10574,1624,16569
2020-03-17,11198.57,10576,1625,16570
2020-03-18,11263.87,10577,1627,16572
2020-03-19,11329.55,10578,1629,16573
2020-03-20,11395.61,10580,1630,16575
2020-03-21,11462.05,10582,1632,16577
2020-03-22,11528.88,10584,1634,16579
2020-03-23,11596.1,10586,1635,16580
2020-03-24,11663.71,10588,1636,16582
2020-03-25,11731.72,10589,1638,16584
2020-03-26,11800.12,10591,1639,16586
2020-03-27,11868.92,10593,1640,16588
2020-03-28,11938.12,10594,1641,16589
2020-03-29,12007.73,10596,1642,16591
2020-03-30,12077.74,10597,1643,16592
2020-03-31,12148.16,10598,1644,16594
2020-04-01,12218.99,10599,1645,16596
2020-04-02,12290.23,10601,1647,16597
2020-04-03,12361.89,10602,1649,16598
2020-04-04,12433.97,10603,1651,16600
2020-04-05,12506.47,10605,1653,16601
2020-04-06,12579.39,10607,1654,16602
2020-04-07,12652.74,10608,1655,16604
2020-04-08,12726.51,10610,1656,16606
2020-04-09,12800.71,10611,1658,16607
2020-04-10,12875.35,10613,1660,16609
2020-04-11,12950.42,10614,1662,16611
2020-04-12,13025.93,10616,1664,16613
2020-04-13,13101.88,10618,1665,16615
2020-04-14,13178.27,10620,1666,16616
2020-04-15,13255.11,10621,1667,16617
2020-04-16,13332.4,10623,1669,16618
2020-04-17,13410.14,10625,1671,16620
2020-04-18,13488.33,10626,1673,16622
2020-04-19,13566.98,10627,1675,16623
2020-04-20,13646.08,10628,1677,16625
2020-04-21,13725.65,10629,1679,16627
2020-04-22,13805.68,10631,1681,16629
2020-04-23,13886.18,10633,1682,16631
2020-04-24,13967.15,10634,1683,16633
2020-04-25,14048.59,10635,1684,16635
2020-04-26,14130.5,10636,1686,16637
2020-04-27,14212.89,10637,1687,16639
2020-04-28,14295.76,10639,1688,16641
2020-04-29,14379.11,10641,1689,16643
2020-04-30,14462.95,10643,1690,16645
2020-05-01,14547.28,10644,1692,16647
2020-05-02,14632.1,10646,1693,16648
2020-05-03,14717.41,10647,1695,16649
2020-05-04,14803.22,10649,1697,16650
2020-05-05,14889.53,10651,1698,16651
2020-05-06,14976.35,10652,1700,16652
2020-05-07,15063.67,10654,1702,16653
2020-05-08,15151.5,10655,1704,16655
2020-05-09,15239.84,10657,1706,16657
2020-05-10,15328.7,10659,1707,16658
2020-05-11,15418.08,10660,1708,16660
2020-05-12,15507.98,10662,1710,16662
2020-05-13,15598.4,10663,1712,16664
2020-05-14,15689.35,10665,1714,16666
2020-05-15,15780.83,10666,1715,16668
2020-05-16,15872.84,10668,1717,16670
2020-05-17,15965.39,10670,1719,16672
2020-05-18,16058.48,10671,1721,16673
2020-05-19,16152.11,10673,1722,16674
2020-05-20,16246.29,10675,1724,16675
2020-05-21,16341.02,10677,1726,16677
2020-05-22,16436.3,10679,1728,16679
2020-05-23,16532.13,10681,1729,16680
2020-05-24,16628.52,10683,1730,16681
2020-05-25,16725.48,10685,1732,16682
2020-05-26,16823,10687,1733,16683
2020-05-27,16921.09,10689,1735,16685
2020-05-28,17019.75,10690,1737,16687
2020-05-29,17118.99,10691,1738,16689
2020-05-30,17218.81,10693,1740,16690
2020-05-31,17319.21,10694,1742,16691
2020-06-01,17420.19,10695,1744,16693
2020-06-02,17521.76,10696,1745,16695
2020-06-03,17623.92,10697,1747,16697
2020-06-04,17726.68,10699,1749,16698
2020-06-05,17830.04,10700,1750,16700
2020-06-06,17934,10702,1752,16701
2020-06-07,18038.57,10703,1753,16703
2020-06-08,18143.75,10705,1754,16704
2020-06-09,18249.54,10706,1755,16706
2020-06-10,18355.95,10708,1757,16708
2020-06-11,18462.98,10709,1759,16710
2020-06-12,18570.63,10710,1760,16712
2020-06-13,18678.91,10711,1761,16713
2020-06-14,18787.82,10712,1762,16714
2020-06-15,18897.37,10714,1764,16716
2020-06-16,19007.55,10715,1765,16717
2020-06-17,19118.38,10717,1767,16718
2020-06-18,19229.85,10719,1768,16720
2020-06-19,19341.97,10721,1769,16721
2020-06-20,19454.75,10722,1770,16722
2020-06-21,19568.18,10724,1771,16723
2020-06-22,19682.28,10725,1772,16724
2020-06-23,19797.04,10727,1773,16726
2020-06-24,19912.47,10728,1774,16728
2020-06-25,20028.57,10729,1776,16729
2020-06-26,20145.35,10730,1777,16731
2020-06-27,20262.81,10731,1778,16732
2020-06-28,20380.96,10732,1779,16734
2020-06-29,20499.79,10733,1781,16735
2020-06-30,20619.32,10734,1783,16736
2020-07-01,20739.54,10736,1785,16737
2020-07-02,20860.47,10738,1787,16739
2020-07-03,20982.1,10739,1789,16740
2020-07-04,21104.44,10741,1790,16741
2020-07-05,21227.49,10743,1791,16742
2020-07-06,21351.26,10744,1793,16743
2020-07-07,21475.75,10745,1794,16745
2020-07-08,21600.97,10746,1796,16747
2020-07-09,21726.92,10747,1798,16749
2020-07-10,21853.6,10748,1799,16750
2020-07-11,21981.02,10749,1801,16752
2020-07-12,22109.18,10750,1802,16753
2020-07-13,22238.09,10751,1803,16755
2020-07-14,22367.75,10753,1804,16756
2020-07-15,22498.17,10755,1805,16758
2020-07-16,22629.35,10757,1806,16760
2020-07-17,22761.29,10759,1807,16762
2020-07-18,22894,10761,1809,16763
2020-07-19,23027.49,10763,1811,16765
2020-07-20,23161.76,10764,1812,16766
2020-07-21,23296.81,10765,1814,16767
2020-07-22,23432.65,10766,1816,16769
2020-07-23,23569.28,10768,1818,16771
2020-07-24,23706.7,10770,1820,16772
2020-07-25,23844.93,10772,1821,16773
2020-07-26,23983.96,10773,1823,16775
2020-07-27,24123.8,10775,1824,16776
2020-07-28,24264.46,10776,1826,16778
2020-07-29,24405.94,10777,1828,16779
2020-07-30,24548.24,10779,1830,16781
2020-07-31,24691.37,10781,1832,16782
2020-08-01,24835.34,10783,1834,16783
2020-08-02,24980.15,10785,1836,16785
2020-08-03,25125.8,10786,1837,16786
2020-08-04,25272.3,10787,1838,16788
2020-08-05,25419.65,10788,1839,16789
2020-08-06,25567.86,10790,1841,16790
2020-08-07,25716.94,10792,1843,16792
2020-08-08,25866.89,10794,1844,16793
2020-08-09,26017.71,10796,1846,16795
2020-08-10,26169.41,10798,1848,16796
2020-08-11,26322,10799,1849,16797
2020-08-12,26475.47,10800,1851,16799
2020-08-13,26629.84,10802,1853,16800
2020-08-14,26785.11,10804,1855,16802
2020-08-15,26941.29,10805,1857,16803
2020-08-16,27098.38,10807,1858,16804
2020-08-17,27256.38,10808,1860,16806
2020-08-18,27415.3,10809,1861,16807
2020-08-19,27575.15,10811,1863,16809
2020-08-20,27735.93,10813,1864,16811
2020-08-21,27897.65,10815,1866,16812
2020-08-22,28060.31,10816,1867,16813
2020-08-23,28223.92,10818,1869,16814
2020-08-24,28388.48,10819,1870,16815
2020-08-25,28554,10821,1871,16816
2020-08-26,28720.49,10822,1873,16817
2020-08-27,28887.95,10824,1874,16818
2020-08-28,29056.39,10825,1876,16820
2020-08-29,29225.81,10827,1878,16821
2020-08-30,29396.22,10828,1880,16823
2020-08-31,29567.62,10829,1881,16824
2020-09-01,29740.02,10831,1882,16825
2020-09-02,29913.42,10832,1884,16827
2020-09-03,30087.84,10834,1886,16828
2020-09-04,30263.27,10836,1887,16829
2020-09-05,30439.73,10838,1889,16831
2020-09-06,30617.21,10839,1890,16833
2020-09-07,30795.73,10841,1892,16835
2020-09-08,30975.29,10843,1893,16837
2020-09-09,31155.9,10845,1895,16839
2020-09-10,31337.56,10846,1896,16841
2020-09-11,31520.28,10847,1898,16843
2020-09-12,31704.06,10849,1899,16844
2020-09-13,31888.92,10851,1901,16845
2020-09-14,32074.85,10852,1903,16846
2020-09-15,32261.87,10854,1904,16848
2020-09-16,32449.98,10855,1906,16850
2020-09-17,32639.19,10857,1907,16852
2020-09-18,32829.5,10859,1908,16854
2020-09-19,33020.92,10861,1909,16855
2020-09-20,33213.45,10863,1911,16857
2020-09-21,33407.11,10865,1912,16859
2020-09-22,33601.9,10866,1914,16860
2020-09-23,33797.82,10868,1916,16862
2020-09-24,33994.88,10870,1918,16864
2020-09-25,34193.09,10872,1920,16866
2020-09-26,34392.46,10873,1922,16868
2020-09-27,34592.99,10874,1923,16869
2020-09-28,34794.69,10875,1925,16870
2020-09-29,34997.57,10877,1927,16872
2020-09-30,35201.63,10878,1929,16873
2020-10-01,35200.59,10881,1930,16876
2020-10-02,35199.55,10884,1931,16879
2020-10-03,35198.51,10887,1933,16883
2020-10-04,35197.47,10891,1934,16887
2020-10-05,35196.43,10895,1935,16890
2020-10-06,35195.39,10899,1937,16894
2020-10-07,35194.35,10903,1939,16898
2020-10-08,35193.31,10906,1940,16901
2020-10-09,35192.27,10909,1941,16904
2020-10-10,35191.23,10912,1942,16908
2020-10-11,35190.19,10916,1943,16911
2020-10-12,35189.15,10919,1944,16915
2020-10-13,35188.11,10923,1946,16918
2020-10-14,35187.07,10926,1947,16922
2020-10-15,35186.03,10929,1948,16926
2020-10-16,35184.99,10933,1950,16929
2020-10-17,35183.95,10936,1951,16932
2020-10-18,35182.91,10939,1953,16936
2020-10-19,35181.87,10943,1954,16939
2020-10-20,35180.83,10947,1955,16942
2020-10-21,35179.79,10950,1957,16945
2020-10-22,35178.75,10953,1959,16949
2020-10-23,35177.71,10957,1960,16953
2020-10-24,35176.67,10961,1962,16956
2020-10-25,35175.63,10965,1963,16959
2020-10-26,35174.59,10969,1965,16963
2020-10-27,35173.55,10972,1966,16966
2020-10-28,35172.51,10975,1968,16970
2020-10-29,35171.47,10979,1970,16973
2020-10-30,35170.43,10983,1972,16977
2020-10-31,35169.39,10986,1974,16980
2020-11-01,35168.35,10990,1976,16984
2020-11-02,35167.31,10994,1978,16987
2020-11-03,35166.27,10997,1979,16991
2020-11-04,35165.23,11001,1981,16995
2020-11-05,35164.19,11004,1983,16998
2020-11-06,35163.15,11008,1984,17002
2020-11-07,35162.11,11011,1986,17006
2020-11-08,35161.07,11014,1988,17010
2020-11-09,35160.03,11017,1990,17013
2020-11-10,35158.99,11021,1991,17017
2020-11-11,35157.95,11024,1992,17021
2020-11-12,35156.91,11028,1993,17025
2020-11-13,35155.87,11031,1995,17028
2020-11-14,35154.83,11034,1996,17031
2020-11-15,35153.79,11037,1998,17034
2020-11-16,35152.75,11041,1999,17038
2020-11-17,35151.71,11045,2001,17041
2020-11-18,35150.67,11048,2003,17044
2020-11-19,35149.63,11052,2004,17048
2020-11-20,35148.59,11056,2005,17052
2020-11-21,35147.55,11060,2007,17055
2020-11-22,35146.51,11063,2009,17059
2020-11-23,35145.47,11067,2011,17063
2020-11-24,35144.43,11071,2012,17066
2020-11-25,35143.39,11074,2014,17070
2020-11-26,35142.35,11078,2015,17074
2020-11-27,35141.31,11082,2016,17078
2020-11-28,35140.27,11085,2017,17081
2020-11-29,35139.23,11088,2019,17084
2020-11-30,35138.19,11091,2021,17087
2020-12-01,35137.15,11094,2022,17091
2020-12-02,35136.11,11098,2024,17095
2020-12-03,35135.07,11102,2026,17099
2020-12-04,35134.03,11106,2027,17102
2020-12-05,35132.99,11109,2028,17105
2020-12-06,35131.95,11113,2029,17108
2020-12-07,35130.91,11117,2030,17112
2020-12-08,35129.87,11121,2031,17116
2020-12-09,35128.83,11124,2033,17120
2020-12-10,35127.79,11128,2035,17123
2020-12-11,35126.75,11131,2037,17127
2020-12-12,35125.71,11135,2038,17131
2020-12-13,35124.67,11139,2039,17135
2020-12-14,35123.63,11142,2041,17138
2020-12-15,35122.59,11146,2043,17142
2020-12-16,35121.55,11149,2044,17146
2020-12-17,35120.51,11153,2046,17150
2020-12-18,35119.47,11157,2047,17153
2020-12-19,35118.43,11160,2049,17157
2020-12-20,35117.39,11163,2050,17160
2020-12-21,35116.35,11166,2052,17164
2020-12-22,35115.31,11170,2054,17167
2020-12-23,35114.27,11174,2055,17171
2020-12-24,35113.23,11178,2057,17175
2020-12-25,35112.19,11181,2059,17179
2020-12-26,35111.15,11184,2061,17183
2020-12-27,35110.11,11187,2063,17186
2020-12-28,35109.07,11190,2065,17190
2020-12-29,35108.03,11194,2067,17193
2020-12-30,35106.99,11198,2069,17196
2020-12-31,35105.95,11202,2071,17199
2021-01-01,35105.04,11203,2073,17201
2021-01-02,35104.13,11205,2075,17203
2021-01-03,35103.22,11207,2076,17205
2021-01-04,35102.31,11208,2078,17207
2021-01-05,35101.4,11209,2079,17208
2021-01-06,35100.49,11210,2080,17209
2021-01-07,35099.58,11211,2081,17210
2021-01-08,35098.67,11213,2083,17211
2021-01-09,35097.76,11214,2084,17212
2021-01-10,35096.85,11215,2085,17214
2021-01-11,35095.94,11217,2087,17215
2021-01-12,35095.03,11219,2088,17217
2021-01-13,35094.12,11220,2090,17218
2021-01-14,35093.21,11221,2092,17219
2021-01-15,35092.3,11222,2093,17220
2021-01-16,35091.39,11224,2095,17221
2021-01-17,35090.48,11225,2097,17223
2021-01-18,35089.57,11227,2099,17224
2021-01-19,35088.66,11229,2100,17225
2021-01-20,35087.75,11231,2102,17227
2021-01-21,35086.84,11233,2103,17229
2021-01-22,35085.93,11235,2104,17231
2021-01-23,35085.02,11237,2105,17232
2021-01-24,35084.11,11238,2106,17234
2021-01-25,35083.2,11239,2107,17235
2021-01-26,35082.29,11240,2109,17236
2021-01-27,35081.38,11241,2110,17237
2021-01-28,35080.47,11243,2112,17238
2021-01-29,35079.56,11244,2113,17239
2021-01-30,35078.65,11246,2115,17240
2021-01-31,35077.74,11248,2116,17241
2021-02-01,35076.83,11249,2118,17243
2021-02-02,35075.92,11251,2120,17245
2021-02-03,35075.01,11252,2121,17246
2021-02-04,35074.1,11253,2122,17247
2021-02-05,35073.19,11255,2124,17249
2021-02-06,35072.28,11256,2126,17250
2021-02-07,35071.37,11257,2127,17251
2021-02-08,35070.46,11258,2129,17253
2021-02-09,35069.55,11260,2131,17255
2021-02-10,35068.64,11262,2132,17256
2021-02-11,35067.73,11264,2133,17257
2021-02-12,35066.82,11266,2135,17259
2021-02-13,35065.91,11267,2137,17260
2021-02-14,35065,11269,2138,17261
2021-02-15,35064.09,11270,2140,17262
2021-02-16,35063.18,11272,2141,17263
2021-02-17,35062.27,11273,2142,17264
2021-02-18,35061.36,11275,2143,17265
2021-02-19,35060.45,11277,2144,17266
2021-02-20,35059.54,11279,2146,17267
2021-02-21,35058.63,11280,2148,17269
2021-02-22,35057.72,11282,2149,17270
2021-02-23,35056.81,11284,2151,17272
2021-02-24,35055.9,11286,2153,17274
2021-02-25,35054.99,11287,2155,17276
2021-02-26,35054.08,11288,2157,17278
2021-02-27,35053.17,11290,2158,17280
2021-02-28,35052.26,11292,2160,17282
2021-03-01,35051.35,11294,2161,17284
2021-03-02,35050.44,11296,2163,17286
2021-03-03,35049.53,11297,2165,17287
2021-03-04,35048.62,11299,2167,17289
2021-03-05,35047.71,11300,2168,17291
2021-03-06,35046.8,11302,2170,17292
2021-03-07,35045.89,11304,2172,17294
2021-03-08,35044.98,11306,2173,17295
2021-03-09,35044.07,11307,2175,17296
2021-03-10,35043.16,11309,2177,17298
2021-03-11,35042.25,11310,2179,17300
2021-03-12,35041.34,11312,2180,17301
2021-03-13,35040.43,11313,2181,17303
2021-03-14,35039.52,11314,2183,17304
2021-03-15,35038.61,11315,2184,17305
2021-03-16,35037.7,11316,2185,17307
2021-03-17,35036.79,11317,2187,17309
2021-03-18,35035.88,11319,2189,17311
2021-03-19,35034.97,11321,2190,17313
2021-03-20,35034.06,11323,2191,17315
2021-03-21,35033.15,11324,2193,17316
2021-03-22,35032.24,11326,2195,17317
2021-03-23,35031.33,11328,2196,17319
2021-03-24,35030.42,11329,2198,17320
2021-03-25,35029.51,11330,2200,17322
2021-03-26,35028.6,11331,2201,17323
2021-03-27,35027.69,11333,2203,17325
2021-03-28,35026.78,11335,2205,17327
2021-03-29,35025.87,11336,2207,17329
2021-03-30,35024.96,11338,2209,17330
2021-03-31,35024.05,11339,2211,17331
2021-04-01,35023.14,11340,2212,17332
2021-04-02,35022.23,11341,2213,17333
2021-04-03,35021.32,11342,2215,17335
2021-04-04,35020.41,11343,2217,17337
2021-04-05,35019.5,11344,2219,17338
2021-04-06,35018.59,11346,2221,17339
2021-04-07,35017.68,11348,2222,17341
2021-04-08,35016.77,11350,2224,17343
2021-04-09,35015.86,11352,2225,17344
2021-04-10,35014.95,11354,2226,17346
2021-04-11,35014.04,11356,2227,17347
2021-04-12,35013.13,11357,2228,17348
2021-04-13,35012.22,11358,2230,17350
2021-04-14,35011.31,11360,2231,17352
2021-04-15,35010.4,11362,2233,17353
2021-04-16,35009.49,11363,2235,17354
2021-04-17,35008.58,11365,2237,17355
2021-04-18,35007.67,11367,2239,17356
2021-04-19,35006.76,11368,2240,17358
2021-04-20,35005.85,11369,2242,17360
2021-04-21,35004.94,11371,2243,17361
2021-04-22,35004.03,11372,2244,17363
2021-04-23,35003.12,11373,2246,17365
2021-04-24,35002.21,11374,2247,17366
2021-04-25,35001.3,11375,2248,17368
2021-04-26,35000.39,11377,2249,17370
2021-04-27,34999.48,11378,2250,17372
2021-04-28,34998.57,11379,2251,17373
2021-04-29,34997.66,11381,2253,17375
2021-04-30,34996.75,11382,2254,17377
2021-05-01,34995.84,11383,2256,17378
2021-05-02,34994.93,11385,2258,17379
2021-05-03,34994.02,11387,2259,17381
2021-05-04,34993.11,11388,2260,17382
2021-05-05,34992.2,11389,2261,17383
2021-05-06,34991.29,11391,2263,17384
2021-05-07,34990.38,11392,2265,17386
2021-05-08,34989.47,11394,2266,17388
2021-05-09,34988.56,11395,2268,17389
2021-05-10,34987.65,11396,2270,17390
2021-05-11,34986.74,11397,2271,17392
2021-05-12,34985.83,11398,2272,17393
2021-05-13,34984.92,11400,2274,17394
2021-05-14,34984.01,11402,2276,17395
2021-05-15,34983.1,11403,2278,17397
2021-05-16,34982.19,11404,2279,17399
2021-05-17,34981.28,11405,2280,17400
2021-05-18,34980.37,11406,2282,17401
2021-05-19,34979.46,11407,2284,17403
2021-05-20,34978.55,11408,2285,17405
2021-05-21,34977.64,11409,2287,17407
2021-05-22,34976.73,11411,2288,17409
2021-05-23,34975.82,11412,2290,17411
2021-05-24,34974.91,11414,2291,17412
2021-05-25,34974,11416,2292,17413
2021-05-26,34973.09,11418,2293,17415
2021-05-27,34972.18,11420,2294,17416
2021-05-28,34971.27,11422,2296,17418
2021-05-29,34970.36,11423,2298,17420
2021-05-30,34969.45,11424,2300,17421
2021-05-31,34968.54,11426,2301,17422
2021-06-01,34967.63,11428,2303,17424
2021-06-02,34966.72,11430,2305,17425
2021-06-03,34965.81,11431,2306,17427
2021-06-04,34964.9,11432,2307,17428
2021-06-05,34963.99,11434,2309,17430
2021-06-06,34963.08,11436,2311,17432
2021-06-07,34962.17,11438,2312,17433
2021-06-08,34961.26,11439,2314,17435
2021-06-09,34960.35,11440,2316,17437
2021-06-10,34959.44,11441,2317,17438
2021-06-11,34958.53,11443,2319,17440
2021-06-12,34957.62,11444,2321,17442
2021-06-13,34956.71,11445,2323,17443
2021-06-14,34955.8,11447,2324,17445
2021-06-15,34954.89,11449,2325,17447
2021-06-16,34953.98,11450,2327,17448
2021-06-17,34953.07,11451,2329,17449
2021-06-18,34952.16,11453,2330,17451
2021-06-19,34951.25,11455,2331,17453
2021-06-20,34950.34,11456,2332,17455
2021-06-21,34949.43,11458,2334,17456
2021-06-22,34948.52,11459,2336,17458
2021-06-23,34947.61,11460,2337,17459
2021-06-24,34946.7,11461,2339,17461
2021-06-25,34945.79,11462,2341,17462
2021-06-26,34944.88,11464,2343,17463
2021-06-27,34943.97,11465,2344,17465
2021-06-28,34943.06,11466,2346,17467
2021-06-29,34942.15,11467,2347,17468
2021-06-30,34941.24,11469,2349,17470
2021-07-01,34940.33,11471,2350,17471
2021-07-02,34939.42,11473,2351,17473
2021-07-03,34938.51,11475,2353,17474
2021-07-04,34937.6,11477,2354,17475
2021-07-05,34936.69,11479,2355,17477
2021-07-06,34935.78,11481,2356,17478
2021-07-07,34934.87,11483,2358,17479
2021-07-08,34933.96,11485,2359,17480
2021-07-09,34933.05,11486,2360,17481
2021-07-10,34932.14,11487,2362,17483
2021-07-11,34931.23,11488,2363,17485
2021-07-12,34930.32,11490,2364,17487
2021-07-13,34929.41,11492,2365,17489
2021-07-14,34928.5,11494,2367,17490
2021-07-15,34927.59,11496,2368,17492
2021-07-16,34926.68,11498,2369,17493
2021-07-17,34925.77,11499,2371,17494
2021-07-18,34924.86,11501,2373,17496
2021-07-19,34923.95,11502,2375,17497
2021-07-20,34923.04,11504,2376,17498
2021-07-21,34922.13,11505,2378,17499
2021-07-22,34921.22,11507,2380,17501
2021-07-23,34920.31,11508,2381,17503
2021-07-24,34919.4,11510,2382,17505
2021-07-25,34918.49,11511,2383,17507
2021-07-26,34917.58,11513,2385,17509
2021-07-27,34916.67,11514,2386,17510
2021-07-28,34915.76,11515,2388,17511
2021-07-29,34914.85,11517,2389,17513
2021-07-30,34913.94,11518,2391,17514
2021-07-31,34913.03,11520,2393,17516
2021-08-01,34912.12,11521,2394,17518
2021-08-02,34911.21,11523,2395,17519
2021-08-03,34910.3,11524,2396,17521
2021-08-04,34909.39,11525,2397,17522
2021-08-05,34908.48,11526,2398,17523
2021-08-06,34907.57,11528,2399,17524
2021-08-07,34906.66,11529,2401,17526
2021-08-08,34905.75,11530,2402,17528
2021-08-09,34904.84,11531,2403,17530
2021-08-10,34903.93,11532,2405,17531
2021-08-11,34903.02,11534,2407,17532
2021-08-12,34902.11,11536,2409,17533
2021-08-13,34901.2,11538,2411,17534
2021-08-14,34900.29,11539,2412,17535
2021-08-15,34899.38,11541,2414,17536
2021-08-16,34898.47,11543,2416,17538
2021-08-17,34897.56,11545,2418,17539
2021-08-18,34896.65,11546,2420,17541
2021-08-19,34895.74,11548,2421,17543
2021-08-20,34894.83,11550,2422,17544
2021-08-21,34893.92,11551,2423,17545
2021-08-22,34893.01,11552,2425,17547
2021-08-23,34892.1,11554,2427,17549
2021-08-24,34891.19,11555,2428,17550
2021-08-25,34890.28,11557,2430,17551
2021-08-26,34889.37,11559,2431,17552
2021-08-27,34888.46,11561,2432,17553
2021-08-28,34887.55,11562,2433,17554
2021-08-29,34886.64,11564,2434,17555
2021-08-30,34885.73,11565,2435,17556
2021-08-31,34884.82,11567,2436,17558
2021-09-01,34883.91,11568,2438,17559
2021-09-02,34883,11569,2440,17560
2021-09-03,34882.09,11570,2442,17562
2021-09-04,34881.18,11571,2444,17564
2021-09-05,34880.27,11572,2445,17566
2021-09-06,34879.36,11574,2446,17568
2021-09-07,34878.45,11575,2448,17570
2021-09-08,34877.54,11577,2449,17571
2021-09-09,34876.63,11578,2451,17573
2021-09-10,34875.72,11579,2452,17575
2021-09-11,34874.81,11581,2454,17577
2021-09-12,34873.9,11583,2455,17578
2021-09-13,34872.99,11584,2456,17579
2021-09-14,34872.08,11586,2458,17581
2021-09-15,34871.17,11587,2460,17582
2021-09-16,34870.26,11588,2462,17584
2021-09-17,34869.35,11590,2464,17585
2021-09-18,34868.44,11592,2466,17587
2021-09-19,34867.53,11594,2468,17588
2021-09-20,34866.62,11596,2470,17589
2021-09-21,34865.71,11598,2472,17590
2021-09-22,34864.8,11599,2473,17592
2021-09-23,34863.89,11601,2474,17594
2021-09-24,34862.98,11602,2476,17596
2021-09-25,34862.07,11604,2478,17597
2021-09-26,34861.16,11606,2479,17599
2021-09-27,34860.25,11607,2480,17601
2021-09-28,34859.34,11608,2481,17602
2021-09-29,34858.43,11609,2482,17603
2021-09-30,34857.52,11611,2484,17604
2021-10-01,35062.26,11614,2486,17608
2021-10-02,35268.2,11617,2488,17612
2021-10-03,35475.35,11620,2490,17616
2021-10-04,35683.72,11623,2492,17619
2021-10-05,35893.31,11627,2494,17623
2021-10-06,36104.13,11630,2495,17627
2021-10-07,36316.19,11634,2497,17630
2021-10-08,36529.5,11637,2498,17633
2021-10-09,36744.06,11641,2500,17636
2021-10-10,36959.88,11644,2502,17640
2021-10-11,37176.97,11648,2504,17643
2021-10-12,37395.33,11652,2505,17646
2021-10-13,37614.97,11655,2506,17649
2021-10-14,37835.9,11658,2507,17652
2021-10-15,38058.13,11661,2509,17656
2021-10-16,38281.67,11665,2511,17660
2021-10-17,38506.52,11668,2512,17663
2021-10-18,38732.69,11671,2513,17666
2021-10-19,38960.19,11675,2515,17670
2021-10-20,39189.03,11678,2517,17673
2021-10-21,39419.21,11681,2518,17676
2021-10-22,39650.74,11685,2520,17679
2021-10-23,39883.63,11689,2521,17682
2021-10-24,40117.89,11692,2523,17686
2021-10-25,40353.53,11696,2524,17689
2021-10-26,40590.55,11700,2525,17693
2021-10-27,40828.96,11703,2527,17697
2021-10-28,41068.77,11707,2529,17701
2021-10-29,41309.99,11711,2530,17704
2021-10-30,41552.63,11715,2532,17707
2021-10-31,41796.69,11718,2534,17710
2021-11-01,42042.19,11721,2535,17713
2021-11-02,42289.13,11724,2537,17717
2021-11-03,42537.52,11728,2538,17720
2021-11-04,42787.37,11731,2540,17723
2021-11-05,43038.69,11735,2542,17727
2021-11-06,43291.48,11738,2544,17730
2021-11-07,43545.76,11742,2545,17734
2021-11-08,43801.53,11745,2547,17738
2021-11-09,44058.8,11749,2548,17742
2021-11-10,44317.58,11753,2549,17745
2021-11-11,44577.88,11757,2550,17749
2021-11-12,44839.71,11760,2552,17752
2021-11-13,45103.08,11764,2554,17756
2021-11-14,45368,11768,2556,17760
2021-11-15,45634.47,11771,2557,17763
2021-11-16,45902.51,11774,2558,17766
2021-11-17,46172.12,11778,2559,17770
2021-11-18,46443.32,11782,2560,17773
2021-11-19,46716.11,11785,2561,17777
2021-11-20,46990.5,11788,2562,17781
2021-11-21,47266.5,11791,2563,17784
2021-11-22,47544.12,11795,2564,17787
2021-11-23,47823.37,11798,2565,17790
2021-11-24,48104.26,11802,2566,17793
2021-11-25,48386.8,11806,2567,17797
2021-11-26,48671,11809,2569,17800
2021-11-27,48956.87,11812,2570,17803
2021-11-28,49244.42,11815,2572,17807
2021-11-29,49533.66,11819,2573,17811
2021-11-30,49824.6,11823,2575,17814
2021-12-01,50117.25,11827,2577,17818
2021-12-02,50411.62,11830,2579,17821
2021-12-03,50707.72,11833,2580,17825
2021-12-04,51005.56,11836,2582,17828
2021-12-05,51305.15,11839,2583,17831
2021-12-06,51606.5,11843,2585,17835
2021-12-07,51909.62,11847,2586,17839
2021-12-08,52214.52,11851,2588,17843
2021-12-09,52521.21,11854,2589,17846
2021-12-10,52829.7,11857,2591,17850
2021-12-11,53140,11860,2593,17854
2021-12-12,53452.12,11863,2594,17858
2021-12-13,53766.08,11867,2595,17862
2021-12-14,54081.88,11870,2596,17865
2021-12-15,54399.53,11873,2597,17869
2021-12-16,54719.05,11876,2598,17873
2021-12-17,55040.45,11879,2599,17876
2021-12-18,55363.73,11882,2600,17879
2021-12-19,55688.91,11886,2601,17882
2021-12-20,56016,11889,2603,17886
2021-12-21,56345.01,11893,2605,17889
2021-12-22,56675.96,11896,2606,17892
2021-12-23,57008.85,11899,2608,17896
2021-12-24,57343.7,11902,2609,17900
2021-12-25,57680.51,11905,2611,17904
2021-12-26,58019.3,11909,2612,17908
2021-12-27,58360.08,11912,2613,17911
2021-12-28,58702.86,11916,2615,17914
2021-12-29,59047.66,11919,2617,17918
2021-12-30,59394.48,11923,2619,17921
2021-12-31,59743.34,11927,2621,17924
2022-01-01,60072.19,11928,2623,17926
2022-01-02,60402.85,11929,2624,17927
2022-01-03,60735.33,11931,2626,17928
2022-01-04,61069.64,11933,2628,17929
2022-01-05,61405.79,11934,2630,17930
2022-01-06,61743.79,11935,2631,17931
2022-01-07,62083.65,11937,2632,17932
2022-01-08,62425.38,11939,2634,17933
2022-01-09,62768.99,11941,2636,17934
2022-01-10,63114.49,11942,2638,17936
2022-01-11,63461.89,11944,2640,17938
2022-01-12,63811.2,11945,2641,17940
2022-01-13,64162.44,11946,2642,17941
2022-01-14,64515.61,11948,2644,17942
2022-01-15,64870.72,11950,2645,17944
2022-01-16,65227.79,11951,2646,17946
2022-01-17,65586.82,11952,2647,17947
2022-01-18,65947.83,11954,2649,17949
2022-01-19,66310.83,11956,2651,17951
2022-01-20,66675.83,11957,2653,17953
2022-01-21,67042.84,11959,2655,17954
2022-01-22,67411.87,11960,2657,17956
2022-01-23,67782.93,11962,2659,17958
2022-01-24,68156.03,11964,2660,17960
2022-01-25,68531.18,11965,2662,17961
2022-01-26,68908.4,11966,2664,17963
2022-01-27,69287.69,11968,2666,17965
2022-01-28,69669.07,11969,2668,17967
2022-01-29,70052.55,11971,2670,17969
2022-01-30,70438.14,11972,2671,17970
2022-01-31,70825.85,11974,2673,17972
2022-02-01,71215.7,11975,2675,17973
2022-02-02,71607.69,11977,2677,17975
2022-02-03,72001.84,11978,2678,17977
2022-02-04,72398.16,11979,2679,17978
2022-02-05,72796.66,11981,2680,17979
2022-02-06,73197.36,11982,2681,17980
2022-02-07,73600.26,11983,2682,17982
2022-02-08,74005.38,11984,2684,17983
2022-02-09,74412.73,11986,2686,17985
2022-02-10,74822.32,11988,2687,17987
2022-02-11,75234.17,11990,2688,17989
2022-02-12,75648.28,11992,2690,17990
2022-02-13,76064.67,11994,2691,17992
2022-02-14,76483.35,11996,2693,17994
2022-02-15,76904.34,11998,2695,17996
2022-02-16,77327.65,11999,2697,17997
2022-02-17,77753.29,12001,2699,17998
2022-02-18,78181.27,12002,2700,17999
2022-02-19,78611.6,12004,2701,18001
2022-02-20,79044.3,12006,2703,18003
2022-02-21,79479.39,12007,2704,18005
2022-02-22,79916.87,12008,2706,18006
2022-02-23,80356.76,12010,2707,18008
2022-02-24,80799.07,12011,2708,18010
2022-02-25,81243.81,12012,2710,18012
2022-02-26,81691,12013,2712,18014
2022-02-27,82140.65,12015,2713,18015
2022-02-28,82592.78,12017,2714,18016
2022-03-01,83047.4,12019,2715,18018
2022-03-02,83504.52,12021,2716,18020
2022-03-03,83964.16,12022,2718,18022
2022-03-04,84426.33,12023,2720,18023
2022-03-05,84891.04,12025,2721,18025
2022-03-06,85358.31,12026,2723,18026
2022-03-07,85828.15,12028,2724,18027
2022-03-08,86300.58,12029,2726,18029
2022-03-09,86775.61,12030,2728,18030
2022-03-10,87253.25,12031,2729,18031
2022-03-11,87733.52,12033,2731,18032
2022-03-12,88216.43,12035,2732,18033
2022-03-13,88702,12036,2733,18034
2022-03-14,89190.24,12037,2735,18035
2022-03-15,89681.17,12038,2736,18036
2022-03-16,90174.8,12039,2738,18037
2022-03-17,90671.15,12041,2740,18038
2022-03-18,91170.23,12043,2741,18039
2022-03-19,91672.06,12045,2743,18040
2022-03-20,92176.65,12046,2744,18041
2022-03-21,92684.02,12047,2745,18042
2022-03-22,93194.18,12049,2747,18044
2022-03-23,93707.15,12050,2748,18046
2022-03-24,94222.94,12052,2750,18047
2022-03-25,94741.57,12054,2752,18049
2022-03-26,95263.06,12055,2753,18051
2022-03-27,95787.42,12056,2754,18053
2022-03-28,96314.66,12058,2755,18055
2022-03-29,96844.81,12060,2756,18057
2022-03-30,97377.87,12061,2757,18059
2022-03-31,97913.87,12063,2759,18061
2022-04-01,98452.82,12064,2760,18063
2022-04-02,98994.74,12065,2761,18065
2022-04-03,99539.64,12067,2763,18066
2022-04-04,100087.54,12069,2765,18068
2022-04-05,100638.45,12070,2767,18070
2022-04-06,101192.4,12072,2769,18071
2022-04-07,101749.4,12074,2771,18072
2022-04-08,102309.46,12076,2773,18074
2022-04-09,102872.6,12077,2775,18075
2022-04-10,103438.84,12079,2777,18076
2022-04-11,104008.2,12080,2778,18078
2022-04-12,104580.69,12081,2779,18080
2022-04-13,105156.34,12083,2781,18081
2022-04-14,105735.15,12084,2782,18083
2022-04-15,106317.15,12086,2783,18084
2022-04-16,106902.35,12087,2785,18086
2022-04-17,107490.77,12088,2786,18088
2022-04-18,108082.43,12090,2787,18089
2022-04-19,108677.35,12091,2789,18091
2022-04-20,109275.54,12093,2790,18092
2022-04-21,109877.03,12095,2791,18093
2022-04-22,110481.83,12096,2792,18094
2022-04-23,111089.96,12098,2794,18095
2022-04-24,111701.43,12099,2795,18096
2022-04-25,112316.27,12101,2797,18098
2022-04-26,112934.49,12102,2798,18100
2022-04-27,113556.12,12104,2799,18102
2022-04-28,114181.17,12105,2800,18104
2022-04-29,114809.66,12107,2801,18105
2022-04-30,115441.61,12108,2803,18106
2022-05-01,116077.04,12110,2804,18108
2022-05-02,116715.97,12112,2805,18110
2022-05-03,117358.41,12113,2806,18112
2022-05-04,118004.39,12115,2808,18114
2022-05-05,118653.92,12116,2810,18115
2022-05-06,119307.03,12118,2811,18116
2022-05-07,119963.73,12119,2813,18117
2022-05-08,120624.05,12120,2815,18119
2022-05-09,121288,12121,2816,18120
2022-05-10,121955.61,12123,2817,18122
2022-05-11,122626.89,12124,2818,18123
2022-05-12,123301.87,12126,2820,18125
2022-05-13,123980.56,12127,2822,18127
2022-05-14,124662.99,12129,2824,18129
2022-05-15,125349.18,12131,2826,18130
2022-05-16,126039.14,12132,2828,18132
2022-05-17,126732.9,12134,2830,18133
2022-05-18,127430.48,12135,2832,18134
2022-05-19,128131.9,12137,2834,18136
2022-05-20,128837.18,12138,2835,18138
2022-05-21,129546.34,12139,2837,18139
2022-05-22,130259.4,12140,2839,18140
2022-05-23,130976.39,12141,2840,18141
2022-05-24,131697.33,12143,2842,18143
2022-05-25,132422.23,12145,2843,18144
2022-05-26,133151.12,12146,2844,18145
2022-05-27,133884.03,12147,2846,18147
2022-05-28,134620.97,12149,2848,18148
2022-05-29,135361.97,12150,2849,18150
2022-05-30,136107.05,12151,2850,18151
2022-05-31,136856.23,12153,2851,18153
2022-06-01,137609.53,12155,2853,18154
2022-06-02,138366.98,12157,2855,18155
2022-06-03,139128.6,12159,2856,18157
2022-06-04,139894.41,12161,2857,18158
2022-06-05,140664.43,12163,2858,18160
2022-06-06,141438.69,12165,2859,18162
2022-06-07,142217.21,12167,2860,18164
2022-06-08,143000.02,12169,2861,18166
2022-06-09,143787.14,12170,2862,18167
2022-06-10,144578.59,12172,2864,18169
2022-06-11,145374.4,12174,2865,18171
2022-06-12,146174.59,12175,2867,18172
2022-06-13,146979.18,12176,2869,18173
2022-06-14,147788.2,12178,2871,18175
2022-06-15,148601.67,12179,2872,18176
2022-06-16,149419.62,12180,2874,18178
2022-06-17,150242.07,12181,2875,18179
2022-06-18,151069.05,12182,2876,18180
2022-06-19,151900.58,12183,2878,18182
2022-06-20,152736.69,12184,2879,18183
2022-06-21,153577.4,12186,2880,18184
2022-06-22,154422.74,12187,2881,18185
2022-06-23,155272.73,12189,2882,18187
2022-06-24,156127.4,12190,2883,18189
2022-06-25,156986.78,12191,2885,18190
2022-06-26,157850.89,12192,2887,18191
2022-06-27,158719.75,12193,2888,18192
2022-06-28,159593.39,12194,2889,18193
2022-06-29,160471.84,12195,2890,18195
2022-06-30,161355.13,12197,2891,18196
2022-07-01,162243.28,12199,2892,18198
2022-07-02,163136.32,12200,2894,18200
2022-07-03,164034.27,12202,2896,18201
2022-07-04,164937.17,12203,2897,18203
2022-07-05,165845.04,12205,2898,18205
2022-07-06,166757.9,12207,2899,18207
2022-07-07,167675.79,12208,2901,18209
2022-07-08,168598.73,12210,2902,18211
2022-07-09,169526.75,12212,2903,18212
2022-07-10,170459.88,12213,2904,18214
2022-07-11,171398.15,12214,2905,18216
2022-07-12,172341.58,12216,2907,18218
2022-07-13,173290.2,12217,2909,18220
2022-07-14,174244.04,12219,2911,18222
2022-07-15,175203.14,12220,2912,18224
2022-07-16,176167.51,12221,2914,18225
2022-07-17,177137.19,12222,2916,18226
2022-07-18,178112.21,12223,2918,18227
2022-07-19,179092.6,12225,2919,18228
2022-07-20,180078.38,12227,2921,18230
2022-07-21,181069.59,12229,2923,18231
2022-07-22,182066.26,12231,2924,18232
2022-07-23,183068.41,12233,2925,18234
2022-07-24,184076.08,12234,2927,18236
2022-07-25,185089.29,12235,2929,18238
2022-07-26,186108.08,12236,2930,18239
2022-07-27,187132.48,12237,2931,18241
2022-07-28,188162.52,12238,2932,18243
2022-07-29,189198.23,12239,2934,18245
2022-07-30,190239.64,12240,2936,18246
2022-07-31,191286.78,12242,2937,18247
2022-08-01,192339.68,12243,2939,18249
2022-08-02,193398.38,12244,2941,18251
2022-08-03,194462.91,12245,2942,18253
2022-08-04,195533.3,12246,2944,18254
2022-08-05,196609.58,12247,2945,18256
2022-08-06,197691.78,12248,2947,18258
2022-08-07,198779.94,12249,2948,18259
2022-08-08,199874.09,12251,2950,18260
2022-08-09,200974.26,12252,2952,18261
2022-08-10,202080.49,12254,2954,18263
2022-08-11,203192.81,12256,2955,18265
2022-08-12,204311.25,12257,2956,18266
2022-08-13,205435.84,12259,2958,18268
2022-08-14,206566.62,12260,2960,18269
2022-08-15,207703.63,12261,2961,18271
2022-08-16,208846.9,12263,2963,18273
2022-08-17,209996.46,12264,2965,18274
2022-08-18,211152.35,12266,2966,18275
2022-08-19,212314.6,12267,2967,18277
2022-08-20,213483.25,12268,2968,18278
2022-08-21,214658.33,12270,2969,18280
2022-08-22,215839.88,12271,2970,18282
2022-08-23,217027.93,12272,2972,18283
2022-08-24,218222.52,12273,2974,18285
2022-08-25,219423.69,12274,2976,18286
2022-08-26,220631.47,12276,2978,18287
2022-08-27,221845.9,12278,2980,18288
2022-08-28,223067.01,12279,2981,18289
2022-08-29,224294.84,12281,2983,18291
2022-08-30,225529.43,12282,2984,18293
2022-08-31,226770.82,12283,2986,18294
2022-09-01,228019.04,12284,2987,18295
2022-09-02,229274.13,12286,2989,18297
2022-09-03,230536.13,12287,2991,18298
2022-09-04,231805.07,12288,2993,18300
2022-09-05,233081,12289,2995,18301
2022-09-06,234363.95,12291,2997,18302
2022-09-07,235653.96,12293,2998,18304
2022-09-08,236951.07,12294,2999,18306
2022-09-09,238255.32,12295,3001,18308
2022-09-10,239566.75,12296,3002,18310
2022-09-11,240885.4,12298,3004,18311
2022-09-12,242211.31,12300,3006,18312
2022-09-13,243544.52,12302,3007,18314
2022-09-14,244885.07,12304,3009,18315
2022-09-15,246233,12306,3010,18317
2022-09-16,247588.35,12308,3012,18318
2022-09-17,248951.16,12310,3013,18320
2022-09-18,250321.47,12311,3015,18322
2022-09-19,251699.32,12312,3017,18323
2022-09-20,253084.75,12313,3018,18325
2022-09-21,254477.81,12315,3019,18326
2022-09-22,255878.54,12317,3021,18328
2022-09-23,257286.98,12319,3023,18329
2022-09-24,258703.17,12321,3024,18330
2022-09-25,260127.16,12323,3025,18331
2022-09-26,261558.98,12325,3026,18332
2022-09-27,262998.68,12327,3027,18334
2022-09-28,264446.31,12328,3029,18335
2022-09-29,265901.91,12329,3031,18337
2022-09-30,267365.52,12331,3033,18339
2022-10-01,268856.17,12335,3034,18342
2022-10-02,270355.13,12339,3035,18345
2022-10-03,271862.44,12343,3037,18348
2022-10-04,273378.16,12347,3039,18352
2022-10-05,274902.33,12350,3040,18355
2022-10-06,276435,12353,3041,18359
2022-10-07,277976.21,12357,3042,18362
2022-10-08,279526.01,12360,3043,18365
2022-10-09,281084.45,12363,3045,18368
2022-10-10,282651.58,12367,3047,18371
2022-10-11,284227.45,12371,3049,18374
2022-10-12,285812.11,12374,3051,18377
2022-10-13,287405.6,12378,3053,18381
2022-10-14,289007.98,12381,3054,18384
2022-10-15,290619.29,12385,3055,18388
2022-10-16,292239.58,12388,3057,18392
2022-10-17,293868.91,12392,3059,18395
2022-10-18,295507.32,12396,3060,18399
2022-10-19,297154.87,12400,3062,18403
2022-10-20,298811.6,12404,3063,18406
2022-10-21,300477.57,12407,3064,18409
2022-10-22,302152.83,12410,3066,18413
2022-10-23,303837.43,12414,3067,18417
2022-10-24,305531.42,12418,3068,18421
2022-10-25,307234.85,12421,3069,18425
2022-10-26,308947.78,12425,3071,18428
2022-10-27,310670.26,12428,3072,18431
2022-10-28,312402.34,12432,3074,18435
2022-10-29,314144.08,12436,3075,18438
2022-10-30,315895.53,12440,3077,18442
2022-10-31,317656.75,12443,3078,18446
2022-11-01,319427.79,12446,3080,18450
2022-11-02,321208.7,12450,3081,18454
2022-11-03,322999.54,12453,3082,18458
2022-11-04,324800.36,12457,3083,18461
2022-11-05,326611.22,12461,3084,18464
2022-11-06,328432.18,12465,3085,18467
2022-11-07,330263.29,12469,3087,18470
2022-11-08,332104.61,12473,3088,18474
2022-11-09,333956.2,12477,3089,18478
2022-11-10,335818.11,12481,3091,18481
2022-11-11,337690.4,12484,3092,18485
2022-11-12,339573.13,12487,3094,18489
2022-11-13,341466.36,12490,3095,18492
2022-11-14,343370.14,12494,3096,18496
2022-11-15,345284.54,12498,3098,18499
2022-11-16,347209.61,12501,3100,18502
2022-11-17,349145.41,12504,3101,18506
2022-11-18,351092,12508,3102,18509
2022-11-19,353049.45,12512,3104,18513
2022-11-20,355017.81,12515,3106,18516
2022-11-21,356997.14,12519,3107,18519
2022-11-22,358987.51,12522,3108,18523
2022-11-23,360988.98,12526,3110,18526
2022-11-24,363001.61,12530,3112,18529
2022-11-25,365025.46,12534,3114,18532
2022-11-26,367060.59,12537,3116,18536
2022-11-27,369107.07,12541,3118,18539
2022-11-28,371164.96,12544,3120,18542
2022-11-29,373234.32,12547,3121,18545
2022-11-30,375315.22,12550,3122,18549
2022-12-01,377407.72,12554,3123,18552
2022-12-02,379511.89,12557,3125,18555
2022-12-03,381627.79,12561,3126,18559
2022-12-04,383755.48,12565,3127,18562
2022-12-05,385895.04,12569,3129,18565
2022-12-06,388046.53,12572,3131,18568
2022-12-07,390210.01,12576,3132,18571
2022-12-08,392385.55,12580,3134,18574
2022-12-09,394573.22,12584,3135,18577
2022-12-10,396773.09,12588,3137,18581
2022-12-11,398985.22,12592,3138,18585
2022-12-12,401209.69,12595,3140,18589
2022-12-13,403446.56,12599,3141,18592
2022-12-14,405695.9,12603,3143,18595
2022-12-15,407957.78,12606,3144,18598
2022-12-16,410232.27,12610,3146,18601
2022-12-17,412519.44,12614,3148,18605
2022-12-18,414819.36,12617,3149,18608
2022-12-19,417132.11,12620,3151,18611
2022-12-20,419457.75,12623,3152,18615
2022-12-21,421796.36,12626,3154,18619
2022-12-22,424148.01,12629,3156,18623
2022-12-23,426512.77,12632,3158,18627
2022-12-24,428890.71,12635,3159,18631
2022-12-25,431281.91,12638,3160,18635
2022-12-26,433686.44,12641,3161,18639
2022-12-27,436104.38,12645,3163,18643
2022-12-28,438535.8,12649,3164,18646
2022-12-29,440980.77,12652,3165,18650
2022-12-30,443439.38,12656,3167,18653
2022-12-31,445911.69,12659,3169,18656
2023-01-01,445910.71,12660,3170,18657
2023-01-02,445909.73,12662,3172,18659
2023-01-03,445908.75,12663,3173,18660
2023-01-04,445907.77,12664,3175,18662
2023-01-05,445906.79,12665,3177,18664
2023-01-06,445905.81,12666,3179,18665
2023-01-07,445904.83,12667,3180,18667
2023-01-08,445903.85,12668,3181,18668
2023-01-09,445902.87,12670,3182,18670
2023-01-10,445901.89,12671,3184,18671
2023-01-11,445900.91,12672,3186,18672
2023-01-12,445899.93,12674,3188,18673
2023-01-13,445898.95,12675,3189,18674
2023-01-14,445897.97,12677,3191,18675
2023-01-15,445896.99,12679,3193,18676
2023-01-16,445896.01,12680,3194,18677
2023-01-17,445895.03,12682,3195,18678
2023-01-18,445894.05,12684,3196,18680
2023-01-19,445893.07,12685,3197,18681
2023-01-20,445892.09,12687,3199,18682
2023-01-21,445891.11,12689,3200,18683
2023-01-22,445890.13,12691,3201,18684
2023-01-23,445889.15,12692,3203,18686
2023-01-24,445888.17,12694,3205,18688
2023-01-25,445887.19,12696,3206,18689
2023-01-26,445886.21,12697,3208,18690
2023-01-27,445885.23,12698,3210,18692
2023-01-28,445884.25,12699,3212,18693
2023-01-29,445883.27,12701,3214,18694
2023-01-30,445882.29,12702,3215,18695
2023-01-31,445881.31,12704,3217,18696
2023-02-01,445880.33,12705,3218,18698
2023-02-02,445879.35,12706,3219,18700
2023-02-03,445878.37,12708,3220,18701
2023-02-04,445877.39,12710,3221,18703
2023-02-05,445876.41,12712,3222,18705
2023-02-06,445875.43,12714,3224,18706
2023-02-07,445874.45,12715,3225,18707
2023-02-08,445873.47,12716,3227,18709
2023-02-09,445872.49,12718,3229,18710
2023-02-10,445871.51,12719,3231,18712
2023-02-11,445870.53,12721,3233,18714
2023-02-12,445869.55,12723,3235,18715
2023-02-13,445868.57,12724,3237,18717
2023-02-14,445867.59,12726,3239,18719
2023-02-15,445866.61,12728,3241,18720
2023-02-16,445865.63,12729,3242,18721
2023-02-17,445864.65,12730,3244,18722
2023-02-18,445863.67,12732,3245,18724
2023-02-19,445862.69,12733,3247,18725
2023-02-20,445861.71,12735,3249,18726
2023-02-21,445860.73,12736,3251,18727
2023-02-22,445859.75,12738,3253,18728
2023-02-23,445858.77,12740,3255,18729
2023-02-24,445857.79,12742,3256,18730
2023-02-25,445856.81,12743,3258,18731
2023-02-26,445855.83,12745,3260,18733
2023-02-27,445854.85,12747,3261,18734
2023-02-28,445853.87,12748,3262,18736
2023-03-01,445852.89,12749,3264,18737
2023-03-02,445851.91,12750,3265,18739
2023-03-03,445850.93,12752,3267,18740
2023-03-04,445849.95,12754,3268,18741
2023-03-05,445848.97,12755,3269,18743
2023-03-06,445847.99,12757,3270,18745
2023-03-07,445847.01,12759,3271,18747
2023-03-08,445846.03,12760,3272,18749
2023-03-09,445845.05,12762,3274,18751
2023-03-10,445844.07,12764,3275,18753
2023-03-11,445843.09,12765,3277,18754
2023-03-12,445842.11,12766,3278,18756
2023-03-13,445841.13,12768,3280,18757
2023-03-14,445840.15,12770,3281,18758
2023-03-15,445839.17,12772,3282,18759
2023-03-16,445838.19,12774,3283,18760
2023-03-17,445837.21,12776,3285,18761
2023-03-18,445836.23,12777,3286,18763
2023-03-19,445835.25,12779,3288,18764
2023-03-20,445834.27,12781,3290,18765
2023-03-21,445833.29,12783,3292,18766
2023-03-22,445832.31,12785,3294,18768
2023-03-23,445831.33,12786,3295,18769
2023-03-24,445830.35,12788,3296,18771
2023-03-25,445829.37,12790,3297,18773
2023-03-26,445828.39,12792,3299,18775
2023-03-27,445827.41,12793,3301,18776
2023-03-28,445826.43,12795,3303,18777
2023-03-29,445825.45,12797,3305,18779
2023-03-30,445824.47,12798,3307,18780
2023-03-31,445823.49,12799,3308,18781
2023-04-01,445822.51,12800,3310,18783
2023-04-02,445821.53,12802,3312,18785
2023-04-03,445820.55,12803,3314,18787
2023-04-04,445819.57,12805,3316,18789
2023-04-05,445818.59,12807,3317,18790
2023-04-06,445817.61,12809,3318,18792
2023-04-07,445816.63,12810,3319,18794
2023-04-08,445815.65,12812,3321,18795
2023-04-09,445814.67,12813,3323,18797
2023-04-10,445813.69,12815,3324,18798
2023-04-11,445812.71,12817,3326,18799
2023-04-12,445811.73,12819,3327,18801
2023-04-13,445810.75,12820,3329,18802
2023-04-14,445809.77,12821,3331,18803
2023-04-15,445808.79,12822,3333,18805
2023-04-16,445807.81,12823,3334,18807
2023-04-17,445806.83,12825,3335,18808
2023-04-18,445805.85,12827,3337,18810
2023-04-19,445804.87,12828,3338,18811
2023-04-20,445803.89,12829,3340,18812
2023-04-21,445802.91,12830,3341,18813
2023-04-22,445801.93,12832,3343,18815
2023-04-23,445800.95,12834,3345,18816
2023-04-24,445799.97,12835,3346,18817
2023-04-25,445798.99,12837,3348,18818
2023-04-26,445798.01,12838,3350,18819
2023-04-27,445797.03,12840,3351,18821
2023-04-28,445796.05,12841,3352,18822
2023-04-29,445795.07,12842,3353,18823
2023-04-30,445794.09,12844,3355,18825
2023-05-01,445793.11,12846,3356,18827
2023-05-02,445792.13,12848,3358,18829
2023-05-03,445791.15,12850,3359,18831
2023-05-04,445790.17,12852,3360,18833
2023-05-05,445789.19,12853,3362,18834
2023-05-06,445788.21,12855,3363,18836
2023-05-07,445787.23,12856,3364,18838
2023-05-08,445786.25,12858,3366,18839
2023-05-09,445785.27,12859,3367,18841
2023-05-10,445784.29,12860,3369,18843
2023-05-11,445783.31,12861,3370,18845
2023-05-12,445782.33,12862,3372,18846
2023-05-13,445781.35,12864,3374,18848
2023-05-14,445780.37,12865,3375,18849
2023-05-15,445779.39,12867,3377,18850
2023-05-16,445778.41,12869,3379,18852
2023-05-17,445777.43,12870,3380,18853
2023-05-18,445776.45,12871,3381,18855
2023-05-19,445775.47,12872,3383,18856
2023-05-20,445774.49,12874,3384,18858
2023-05-21,445773.51,12876,3386,18860
2023-05-22,445772.53,12877,3387,18861
2023-05-23,445771.55,12878,3389,18862
2023-05-24,445770.57,12880,3390,18863
2023-05-25,445769.59,12881,3392,18864
2023-05-26,445768.61,12883,3393,18866
2023-05-27,445767.63,12884,3394,18867
2023-05-28,445766.65,12886,3395,18869
2023-05-29,445765.67,12888,3396,18871
2023-05-30,445764.69,12889,3397,18872
2023-05-31,445763.71,12891,3399,18873
2023-06-01,445762.73,12892,3401,18875
2023-06-02,445761.75,12894,3402,18876
2023-06-03,445760.77,12896,3404,18878
2023-06-04,445759.79,12897,3405,18879
2023-06-05,445758.81,12898,3407,18880
2023-06-06,445757.83,12900,3409,18881
2023-06-07,445756.85,12901,3410,18883
2023-06-08,445755.87,12902,3412,18885
2023-06-09,445754.89,12904,3413,18887
2023-06-10,445753.91,12906,3414,18889
2023-06-11,445752.93,12908,3415,18891
2023-06-12,445751.95,12909,3416,18892
2023-06-13,445750.97,12911,3418,18893
2023-06-14,445749.99,12912,3419,18894
2023-06-15,445749.01,12914,3420,18895
2023-06-16,445748.03,12915,3422,18896
2023-06-17,445747.05,12917,3424,18898
2023-06-18,445746.07,12919,3426,18900
2023-06-19,445745.09,12921,3428,18902
2023-06-20,445744.11,12922,3429,18904
2023-06-21,445743.13,12923,3431,18905
2023-06-22,445742.15,12925,3433,18907
2023-06-23,445741.17,12926,3434,18908
2023-06-24,445740.19,12928,3436,18910
2023-06-25,445739.21,12930,3438,18911
2023-06-26,445738.23,12932,3439,18912
2023-06-27,445737.25,12934,3441,18913
2023-06-28,445736.27,12936,3442,18915
2023-06-29,445735.29,12937,3444,18916
2023-06-30,445734.31,12938,3446,18917
2023-07-01,445733.33,12939,3447,18918
2023-07-02,445732.35,12941,3449,18920
2023-07-03,445731.37,12943,3450,18922
2023-07-04,445730.39,12945,3451,18924
2023-07-05,445729.41,12947,3453,18926
2023-07-06,445728.43,12949,3454,18928
2023-07-07,445727.45,12951,3456,18930
2023-07-08,445726.47,12953,3458,18932
2023-07-09,445725.49,12955,3460,18934
2023-07-10,445724.51,12956,3462,18936
2023-07-11,445723.53,12957,3464,18938
2023-07-12,445722.55,12958,3465,18940
2023-07-13,445721.57,12959,3466,18942
2023-07-14,445720.59,12960,3468,18943
2023-07-15,445719.61,12962,3470,18945
2023-07-16,445718.63,12963,3471,18946
2023-07-17,445717.65,12964,3472,18947
2023-07-18,445716.67,12965,3473,18948
2023-07-19,445715.69,12966,3475,18950
2023-07-20,445714.71,12968,3477,18952
2023-07-21,445713.73,12969,3478,18953
2023-07-22,445712.75,12971,3480,18955
2023-07-23,445711.77,12973,3481,18957
2023-07-24,445710.79,12975,3483,18959
2023-07-25,445709.81,12976,3485,18960
2023-07-26,445708.83,12977,3486,18962
2023-07-27,445707.85,12979,3487,18963
2023-07-28,445706.87,12980,3489,18965
2023-07-29,445705.89,12981,3491,18966
2023-07-30,445704.91,12983,3493,18967
2023-07-31,445703.93,12984,3494,18968
2023-08-01,445702.95,12985,3495,18970
2023-08-02,445701.97,12987,3496,18971
2023-08-03,445700.99,12989,3497,18972
2023-08-04,445700.01,12991,3498,18974
2023-08-05,445699.03,12992,3499,18976
2023-08-06,445698.05,12994,3501,18977
2023-08-07,445697.07,12996,3502,18978
2023-08-08,445696.09,12998,3504,18980
2023-08-09,445695.11,13000,3506,18982
2023-08-10,445694.13,13001,3508,18984
2023-08-11,445693.15,13002,3510,18985
2023-08-12,445692.17,13003,3511,18987
2023-08-13,445691.19,13005,3512,18988
2023-08-14,445690.21,13007,3514,18990
2023-08-15,445689.23,13009,3515,18991
2023-08-16,445688.25,13011,3517,18993
2023-08-17,445687.27,13012,3519,18995
2023-08-18,445686.29,13014,3520,18996
2023-08-19,445685.31,13016,3522,18997
2023-08-20,445684.33,13017,3523,18998
2023-08-21,445683.35,13019,3524,18999
2023-08-22,445682.37,13021,3525,19001
2023-08-23,445681.39,13023,3526,19002
2023-08-24,445680.41,13024,3528,19004
2023-08-25,445679.43,13026,3530,19005
2023-08-26,445678.45,13028,3531,19007
2023-08-27,445677.47,13029,3532,19008
2023-08-28,445676.49,13030,3533,19010
2023-08-29,445675.51,13031,3534,19011
2023-08-30,445674.53,13032,3535,19012
2023-08-31,445673.55,13034,3537,19013
2023-09-01,445672.57,13035,3538,19015
2023-09-02,445671.59,13036,3539,19016
2023-09-03,445670.61,13037,3541,19018
2023-09-04,445669.63,13039,3542,19019
2023-09-05,445668.65,13041,3544,19021
2023-09-06,445667.67,13042,3546,19023
2023-09-07,445666.69,13044,3547,19024
2023-09-08,445665.71,13045,3549,19025
2023-09-09,445664.73,13047,3550,19026
2023-09-10,445663.75,13048,3552,19028
2023-09-11,445662.77,13050,3553,19030
2023-09-12,445661.79,13052,3555,19032
2023-09-13,445660.81,13054,3557,19034
2023-09-14,445659.83,13056,3559,19035
2023-09-15,445658.85,13057,3560,19036
2023-09-16,445657.87,13059,3562,19038
2023-09-17,445656.89,13061,3563,19039
2023-09-18,445655.91,13063,3564,19041
2023-09-19,445654.93,13064,3566,19042
2023-09-20,445653.95,13066,3567,19044
2023-09-21,445652.97,13067,3569,19046
2023-09-22,445651.99,13068,3570,19048
2023-09-23,445651.01,13070,3571,19050
2023-09-24,445650.03,13071,3573,19051
2023-09-25,445649.05,13072,3575,19052
2023-09-26,445648.07,13073,3576,19053
2023-09-27,445647.09,13075,3578,19055
2023-09-28,445646.11,13077,3579,19056
2023-09-29,445645.13,13078,3580,19058
2023-09-30,445644.15,13079,3581,19059
2023-10-01,445643.58,13083,3582,19062
2023-10-02,445643.01,13087,3584,19065
2023-10-03,445642.44,13091,3585,19068
2023-10-04,445641.87,13094,3586,19072
2023-10-05,445641.3,13098,3587,19076
2023-10-06,445640.73,13102,3588,19080
2023-10-07,445640.16,13105,3590,19083
2023-10-08,445639.59,13108,3592,19087
2023-10-09,445639.02,13111,3593,19090
2023-10-10,445638.45,13114,3595,19094
2023-10-11,445637.88,13118,3597,19097
2023-10-12,445637.31,13121,3599,19100
2023-10-13,445636.74,13124,3601,19103
2023-10-14,445636.17,13127,3602,19106
2023-10-15,445635.6,13130,3603,19109
2023-10-16,445635.03,13133,3604,19112
2023-10-17,445634.46,13136,3605,19116
2023-10-18,445633.89,13139,3607,19120
2023-10-19,445633.32,13143,3608,19124
2023-10-20,445632.75,13146,3609,19127
2023-10-21,445632.18,13149,3611,19131
2023-10-22,445631.61,13153,3612,19134
2023-10-23,445631.04,13156,3614,19138
2023-10-24,445630.47,13159,3615,19142
2023-10-25,445629.9,13162,3617,19145
2023-10-26,445629.33,13165,3618,19149
2023-10-27,445628.76,13168,3619,19153
2023-10-28,445628.19,13171,3621,19156
2023-10-29,445627.62,13174,3623,19160
2023-10-30,445627.05,13178,3624,19163
2023-10-31,445626.48,13181,3626,19166
2023-11-01,445625.91,13184,3628,19170
2023-11-02,445625.34,13187,3630,19173
2023-11-03,445624.77,13191,3631,19176
2023-11-04,445624.2,13195,3632,19179
2023-11-05,445623.63,13199,3633,19182
2023-11-06,445623.06,13203,3635,19186
2023-11-07,445622.49,13206,3636,19189
2023-11-08,445621.92,13210,3637,19193
2023-11-09,445621.35,13214,3638,19197
2023-11-10,445620.78,13218,3640,19200
2023-11-11,445620.21,13222,3642,19203
2023-11-12,445619.64,13225,3644,19207
2023-11-13,445619.07,13228,3646,19210
2023-11-14,445618.5,13232,3647,19214
2023-11-15,445617.93,13235,3649,19217
2023-11-16,445617.36,13238,3651,19221
2023-11-17,445616.79,13241,3652,19225
2023-11-18,445616.22,13244,3653,19229
2023-11-19,445615.65,13247,3655,19233
2023-11-20,445615.08,13251,3656,19236
2023-11-21,445614.51,13254,3657,19239
2023-11-22,445613.94,13258,3658,19242
2023-11-23,445613.37,13261,3659,19245
2023-11-24,445612.8,13264,3660,19249
2023-11-25,445612.23,13268,3661,19252
2023-11-26,445611.66,13271,3662,19255
2023-11-27,445611.09,13275,3664,19259
2023-11-28,445610.52,13278,3665,19262
2023-11-29,445609.95,13281,3666,19266
2023-11-30,445609.38,13285,3668,19270
2023-12-01,445608.81,13289,3670,19273
2023-12-02,445608.24,13292,3672,19276
2023-12-03,445607.67,13296,3674,19280
2023-12-04,445607.1,13299,3675,19283
2023-12-05,445606.53,13302,3677,19286
2023-12-06,445605.96,13306,3678,19289
2023-12-07,445605.39,13310,3679,19293
2023-12-08,445604.82,13314,3681,19296
2023-12-09,445604.25,13317,3683,19300
2023-12-10,445603.68,13321,3684,19304
2023-12-11,445603.11,13325,3685,19308
2023-12-12,445602.54,13329,3686,19311
2023-12-13,445601.97,13333,3688,19315
2023-12-14,445601.4,13337,3689,19319
2023-12-15,445600.83,13340,3690,19323
2023-12-16,445600.26,13343,3692,19326
2023-12-17,445599.69,13346,3693,19329
2023-12-18,445599.12,13350,3694,19332
2023-12-19,445598.55,13353,3696,19335
2023-12-20,445597.98,13357,3697,19339
2023-12-21,445597.41,13360,3699,19343
2023-12-22,445596.84,13364,3701,19346
2023-12-23,445596.27,13367,3703,19349
2023-12-24,445595.7,13370,3704,19352
2023-12-25,445595.13,13374,3705,19356
2023-12-26,445594.56,13378,3707,19359
2023-12-27,445593.99,13382,3708,19362
2023-12-28,445593.42,13385,3709,19365
2023-12-29,445592.85,13389,3711,19369
2023-12-30,445592.28,13392,3712,19373
2023-12-31,445591.71,13396,3714,19377
